adjectives	big	adjective	A1	to, lớn	The house is big.	Ngôi nhà rất lớn.
adjectives	small	adjective	A1	nhỏ	This bag is small.	Cái túi này nhỏ.
adjectives	good	adjective	A1	tốt	That was a good idea.	Đó là một ý hay.
adjectives	bad	adjective	A1	tệ, xấu	The weather is bad today.	Thời tiết hôm nay xấu.
adjectives	new	adjective	A1	mới	She bought a new phone.	Cô ấy mua một chiếc điện thoại mới.
adjectives	old	adjective	A1	cũ, già	This is an old bridge.	Đây là một cây cầu cũ.
adjectives	young	adjective	A1	trẻ	The students are young.	Các học sinh còn trẻ.
adjectives	long	adjective	A1	dài	The road is long.	Con đường rất dài.
adjectives	short	adjective	A1	ngắn	She has short hair.	Cô ấy để tóc ngắn.
adjectives	tall	adjective	A1	cao	He is tall.	Anh ấy cao.
adjectives	hot	adjective	A1	nóng	The soup is hot.	Món súp đang nóng.
adjectives	cold	adjective	A1	lạnh	The water is cold.	Nước lạnh.
adjectives	warm	adjective	A1	ấm	The room is warm.	Căn phòng ấm.
adjectives	cool	adjective	A1	mát	The evening is cool.	Buổi tối mát.
adjectives	nice	adjective	A1	dễ mến, tốt	They are nice neighbors.	Họ là hàng xóm dễ mến.
adjectives	easy	adjective	A1	dễ	This exercise is easy.	Bài tập này dễ.
adjectives	hard	adjective	A1	khó	The question is hard.	Câu hỏi này khó.
adjectives	fast	adjective	A1	nhanh	This train is fast.	Chuyến tàu này nhanh.
adjectives	slow	adjective	A1	chậm	The bus is slow today.	Hôm nay xe buýt chạy chậm.
adjectives	cheap	adjective	A1	rẻ	These shoes are cheap.	Đôi giày này rẻ.
adjectives	expensive	adjective	A1	đắt	The watch is expensive.	Chiếc đồng hồ đắt.
adjectives	beautiful	adjective	A1	đẹp	The garden is beautiful.	Khu vườn đẹp.
adjectives	ugly	adjective	A1	xấu xí	That building is ugly.	Tòa nhà đó xấu xí.
adjectives	clean	adjective	A1	sạch	The kitchen is clean.	Nhà bếp sạch.
adjectives	dirty	adjective	A1	bẩn	His shoes are dirty.	Giày của anh ấy bẩn.
adjectives	full	adjective	A1	đầy	The glass is full.	Cái ly đầy.
adjectives	empty	adjective	A1	trống	The box is empty.	Cái hộp trống.
adjectives	open	adjective	A1	mở, đang mở cửa	The shop is open.	Cửa hàng đang mở cửa.
adjectives	closed	adjective	A1	đóng	The bank is closed.	Ngân hàng đang đóng cửa.
adjectives	right	adjective	A1	đúng	Your answer is right.	Câu trả lời của bạn đúng.
adjectives	wrong	adjective	A1	sai	That spelling is wrong.	Cách viết đó sai.
adjectives	early	adjective	A1	sớm	We had an early lunch.	Chúng tôi ăn trưa sớm.
adjectives	late	adjective	A1	trễ, muộn	Sorry I am late.	Xin lỗi, tôi đến trễ.
adjectives	high	adjective	A1	cao	The price is high.	Giá cao.
adjectives	low	adjective	A1	thấp	The chair is low.	Cái ghế thấp.
adjectives	heavy	adjective	A1	nặng	This box is heavy.	Cái hộp này nặng.
adjectives	light	adjective	A1	nhẹ	This bag is light.	Cái túi này nhẹ.
adjectives	strong	adjective	A1	khỏe, mạnh	He is strong.	Anh ấy khỏe.
adjectives	weak	adjective	A1	yếu	The signal is weak.	Tín hiệu yếu.
adjectives	rich	adjective	A1	giàu	The family is rich.	Gia đình giàu có.
adjectives	poor	adjective	A1	nghèo, kém	The family is poor.	Gia đình nghèo.
adjectives	busy	adjective	A1	bận	I am busy today.	Hôm nay tôi bận.
adjectives	free	adjective	A1	rảnh	Are you free tonight?	Tối nay bạn có rảnh không?
adjectives	hungry	adjective	A1	đói	The children are hungry.	Bọn trẻ đói.
adjectives	thirsty	adjective	A1	khát	I am thirsty.	Tôi khát.
adjectives	safe	adjective	A1	an toàn	This area is safe.	Khu này an toàn.
adjectives	dangerous	adjective	A1	nguy hiểm	The road is dangerous.	Con đường nguy hiểm.
adjectives	same	adjective	A1	giống nhau, cùng	We have the same name.	Chúng tôi trùng tên.
adjectives	different	adjective	A1	khác nhau	These colors are different.	Những màu này khác nhau.
adjectives	important	adjective	A1	quan trọng	Sleep is important.	Giấc ngủ rất quan trọng.
adjectives	interesting	adjective	A1	thú vị	The story is interesting.	Câu chuyện thú vị.
adjectives	boring	adjective	A1	nhàm chán	The movie is boring.	Bộ phim nhàm chán.
adjectives	funny	adjective	A1	buồn cười	The joke is funny.	Câu đùa buồn cười.
adjectives	serious	adjective	A1	nghiêm túc, nghiêm trọng	This is a serious problem.	Đây là vấn đề nghiêm trọng.
adjectives	quiet	adjective	A1	yên tĩnh	The library is quiet.	Thư viện yên tĩnh.
adjectives	loud	adjective	A1	ồn	The music is loud.	Nhạc ồn.
adjectives	soft	adjective	A1	mềm	The bed is soft.	Giường mềm.
adjectives	wet	adjective	A1	ướt	My coat is wet.	Áo khoác của tôi bị ướt.
adjectives	dry	adjective	A1	khô	The paint is dry.	Lớp sơn đã khô.
adjectives	sweet	adjective	A1	ngọt	The cake is sweet.	Chiếc bánh ngọt.
adjectives	sour	adjective	A1	chua	The lemon is sour.	Quả chanh chua.
adjectives	salty	adjective	A1	mặn	The soup is salty.	Món súp mặn.
adjectives	fresh	adjective	A1	tươi	These vegetables are fresh.	Rau này tươi.
adjectives	delicious	adjective	A1	ngon	The food is delicious.	Đồ ăn ngon.
adjectives	healthy	adjective	A1	tốt cho sức khỏe	Fruit is healthy.	Trái cây tốt cho sức khỏe.
adjectives	friendly	adjective	A1	thân thiện	The staff is friendly.	Nhân viên thân thiện.
adjectives	kind	adjective	A1	tốt bụng	She is kind to everyone.	Cô ấy tốt bụng với mọi người.
adjectives	polite	adjective	A1	lịch sự	He is polite.	Anh ấy lịch sự.
adjectives	rude	adjective	A1	thô lỗ	That comment was rude.	Lời nhận xét đó thô lỗ.
adjectives	clever	adjective	A1	lanh lợi	She found a clever way.	Cô ấy tìm ra một cách lanh lợi.
adjectives	famous	adjective	A1	nổi tiếng	He is a famous singer.	Anh ấy là ca sĩ nổi tiếng.
adjectives	special	adjective	A1	đặc biệt	Today is a special day.	Hôm nay là ngày đặc biệt.
adjectives	normal	adjective	A1	bình thường	His temperature is normal.	Nhiệt độ của anh ấy bình thường.
adjectives	strange	adjective	A1	lạ	I heard a strange noise.	Tôi nghe một tiếng động lạ.
adjectives	large	adjective	A1	lớn, rộng	They live in a large house.	Họ sống trong một ngôi nhà lớn.
adjectives	little	adjective	A1	nhỏ, bé	She has a little dog.	Cô ấy có một con chó nhỏ.
adjectives	huge	adjective	A1	rất lớn	The elephant is huge.	Con voi rất lớn.
adjectives	tiny	adjective	A1	rất nhỏ	The insect is tiny.	Con côn trùng rất nhỏ.
adjectives	ready	adjective	A1	sẵn sàng	Dinner is ready.	Bữa tối đã sẵn sàng.
adjectives	true	adjective	A1	thật, đúng	The story is true.	Câu chuyện có thật.
adjectives	false	adjective	A1	sai, giả	The news was false.	Tin đó là giả.
adjectives	real	adjective	A1	thật	Is this real gold?	Đây có phải vàng thật không?
adjectives	perfect	adjective	A1	hoàn hảo	The weather is perfect.	Thời tiết hoàn hảo.
adjectives	great	adjective	A1	tuyệt	We had a great time.	Chúng tôi đã có một khoảng thời gian rất tuyệt.
adjectives	wonderful	adjective	A1	tuyệt vời	It was a wonderful trip.	Đó là một chuyến đi tuyệt vời.
adjectives	terrible	adjective	A1	tệ hại	The traffic was terrible.	Giao thông tệ hại.
adjectives	excellent	adjective	A1	xuất sắc	Her work is excellent.	Công việc của cô ấy xuất sắc.
adjectives	awful	adjective	A1	rất tệ	The smell is awful.	Mùi này rất tệ.
adjectives	simple	adjective	A1	đơn giản	The instructions are simple.	Hướng dẫn đơn giản.
adjectives	difficult	adjective	A1	khó khăn	The exam is difficult.	Kỳ thi khó.
adjectives	possible	adjective	A1	có thể	Is it possible to pay by card?	Có thể trả bằng thẻ không?
adjectives	impossible	adjective	A1	không thể	The task looks impossible.	Nhiệm vụ trông không thể làm được.
adjectives	useful	adjective	A1	hữu ích	This map is useful.	Bản đồ này hữu ích.
adjectives	comfortable	adjective	A1	thoải mái	The chair is comfortable.	Cái ghế thoải mái.
adjectives	modern	adjective	A1	hiện đại	The kitchen is modern.	Nhà bếp hiện đại.
adjectives	local	adjective	A1	địa phương	We ate at a local restaurant.	Chúng tôi ăn ở một nhà hàng địa phương.
adjectives	foreign	adjective	A1	nước ngoài	She speaks a foreign language.	Cô ấy nói một ngoại ngữ.
adjectives	public	adjective	A1	công cộng	The park is public.	Công viên là nơi công cộng.
adjectives	private	adjective	A1	riêng tư	This is a private road.	Đây là đường riêng.
adjectives	favorite	adjective	A1	yêu thích	Blue is my favorite color.	Xanh dương là màu tôi yêu thích.
adjectives	red	adjective	A1	đỏ	She wore a red coat.	Cô ấy mặc áo khoác đỏ.
adjectives	blue	adjective	A1	xanh dương	The sky is blue.	Bầu trời xanh.
adjectives	green	adjective	A1	xanh lá	The leaves are green.	Lá cây xanh.
adjectives	yellow	adjective	A1	vàng	The taxi is yellow.	Chiếc taxi màu vàng.
adjectives	black	adjective	A1	đen	He has a black cat.	Anh ấy có một con mèo đen.
adjectives	white	adjective	A1	trắng	The walls are white.	Tường màu trắng.
adjectives	brown	adjective	A1	nâu	The door is brown.	Cánh cửa màu nâu.
adjectives	orange	adjective	A1	cam	The shirt is orange.	Chiếc áo màu cam.
adjectives	pink	adjective	A1	hồng	The flowers are pink.	Hoa màu hồng.
adjectives	purple	adjective	A1	tím	She likes purple shoes.	Cô ấy thích giày tím.
adjectives	gray	adjective	A1	xám	The clouds are gray.	Mây màu xám.
adjectives	spicy	adjective	A1	cay	The sauce is spicy.	Nước sốt cay.
adjectives	tasty	adjective	A1	ngon miệng	The noodles are tasty.	Mì ngon.
adjectives	sick	adjective	A1	ốm	He is sick today.	Hôm nay anh ấy ốm.
adjectives	dead	adjective	A1	chết	The plant is dead.	Cây đã chết.
adjectives	alive	adjective	A1	còn sống	The fish is still alive.	Con cá vẫn còn sống.
adjectives	broken	adjective	A1	hỏng, vỡ	My phone is broken.	Điện thoại của tôi bị hỏng.
adjectives	correct	adjective	A1	đúng, chính xác	The correct answer is B.	Câu trả lời đúng là B.
adjectives	quick	adjective	A1	nhanh	We need a quick answer.	Chúng tôi cần một câu trả lời nhanh.
adjectives	round	adjective	A1	tròn	The table is round.	Cái bàn tròn.
adjectives	flat	adjective	A1	xẹp, phẳng	The front tire is flat.	Lốp trước bị xẹp.
adjectives	thick	adjective	A1	dày	The book is thick.	Cuốn sách dày.
adjectives	thin	adjective	A1	mỏng, gầy	The ice is thin.	Lớp băng mỏng.
adjectives	wide	adjective	A1	rộng	The river is wide.	Con sông rộng.
adjectives	narrow	adjective	A1	hẹp	The street is narrow.	Con đường hẹp.
adjectives	deep	adjective	A1	sâu	The lake is deep.	Hồ sâu.
adjectives	dark	adjective	A1	tối	The room is dark.	Căn phòng tối.
adjectives	bright	adjective	A1	sáng	The lamp is bright.	Cái đèn sáng.
adjectives	married	adjective	A1	đã kết hôn	They are married.	Họ đã kết hôn.
adjectives	single	adjective	A1	độc thân	She is single.	Cô ấy độc thân.
adjectives	lucky	adjective	A1	may mắn	You are lucky.	Bạn may mắn.
adjectives	unlucky	adjective	A2	không may	It was an unlucky day.	Đó là một ngày không may.
adjectives	left	adjective	A2	bên trái	The bank is on the left side.	Ngân hàng ở bên trái.
adjectives	double	adjective	A2	đôi, kép	We booked a double room.	Chúng tôi đặt một phòng đôi.
adjectives	fat	adjective	A2	béo	The cat is fat.	Con mèo béo.
adjectives	pretty	adjective	A2	xinh	The garden is pretty in spring.	Mùa xuân khu vườn rất xinh.
adjectives	cute	adjective	A2	dễ thương	The puppy is cute.	Con cún dễ thương.
adjectives	lovely	adjective	A2	đáng yêu	We had a lovely evening.	Chúng tôi có một buổi tối đáng yêu.
adjectives	noisy	adjective	A2	ồn ào	The street is noisy.	Đường phố ồn ào.
adjectives	daily	adjective	A2	hằng ngày	Walking is a daily habit.	Đi bộ là thói quen hằng ngày.
adjectives	careful	adjective	A2	cẩn thận	Be careful on the stairs.	Hãy cẩn thận trên cầu thang.
adjectives	careless	adjective	A2	bất cẩn	A careless mistake cost us time.	Một lỗi bất cẩn khiến chúng tôi mất thời gian.
adjectives	clear	adjective	A2	rõ ràng	The instructions are clear.	Hướng dẫn rõ ràng.
adjectives	common	adjective	A2	phổ biến	This name is common.	Tên này phổ biến.
adjectives	crowded	adjective	A2	đông đúc	The train is crowded.	Tàu rất đông.
adjectives	fair	adjective	A2	công bằng	The judge was fair.	Vị thẩm phán rất công bằng.
adjectives	far	adjective	A2	xa	The airport is far.	Sân bay xa.
adjectives	honest	adjective	A2	trung thực	She is honest.	Cô ấy trung thực.
adjectives	intelligent	adjective	A2	thông minh	He is an intelligent student.	Anh ấy là học sinh thông minh.
adjectives	lazy	adjective	A2	lười	Do not be lazy.	Đừng lười.
adjectives	likely	adjective	A2	có khả năng	Rain is likely tonight.	Tối nay có khả năng mưa.
adjectives	natural	adjective	A2	tự nhiên	The light looks natural.	Ánh sáng trông tự nhiên.
adjectives	necessary	adjective	A2	cần thiết	A passport is necessary.	Hộ chiếu là cần thiết.
adjectives	obvious	adjective	A2	hiển nhiên	The answer is obvious.	Câu trả lời hiển nhiên.
adjectives	original	adjective	A2	gốc, nguyên bản	This is the original painting.	Đây là bức tranh gốc.
adjectives	personal	adjective	A2	cá nhân	That is a personal question.	Đó là câu hỏi cá nhân.
adjectives	pleasant	adjective	A2	dễ chịu	We had a pleasant evening.	Chúng tôi có một buổi tối dễ chịu.
adjectives	popular	adjective	A2	được ưa chuộng	The cafe is popular.	Quán cà phê được nhiều người thích.
adjectives	powerful	adjective	A2	mạnh mẽ	The engine is powerful.	Động cơ mạnh.
adjectives	professional	adjective	A2	chuyên nghiệp	She gave professional advice.	Cô ấy đưa ra lời khuyên chuyên nghiệp.
adjectives	rare	adjective	A2	hiếm	Snow is rare here.	Ở đây tuyết hiếm.
adjectives	recent	adjective	A2	gần đây	This is a recent photo.	Đây là một bức ảnh gần đây.
adjectives	regular	adjective	A2	đều đặn	He keeps a regular schedule.	Anh ấy giữ lịch đều đặn.
adjectives	responsible	adjective	A2	có trách nhiệm	She is responsible for the team.	Cô ấy chịu trách nhiệm về đội.
adjectives	rough	adjective	A2	gồ ghề	The road is rough.	Con đường gồ ghề.
adjectives	separate	adjective	A2	riêng biệt	They sleep in separate rooms.	Họ ngủ ở những phòng riêng.
adjectives	sharp	adjective	A2	sắc, nhọn	The knife is sharp.	Con dao sắc.
adjectives	similar	adjective	A2	tương tự	The two plans are similar.	Hai kế hoạch tương tự nhau.
adjectives	smart	adjective	A2	thông minh	That was a smart choice.	Đó là một lựa chọn thông minh.
adjectives	smooth	adjective	A2	mịn, trơn	The sauce is smooth.	Nước sốt mịn.
adjectives	social	adjective	A2	thuộc xã hội	She enjoys social events.	Cô ấy thích các sự kiện xã hội.
adjectives	specific	adjective	A2	cụ thể	Please give a specific time.	Xin cho một giờ cụ thể.
adjectives	straight	adjective	A2	thẳng	Draw a straight line.	Hãy kẻ một đường thẳng.
adjectives	strict	adjective	A2	nghiêm khắc	The teacher is strict.	Giáo viên nghiêm khắc.
adjectives	successful	adjective	A2	thành công	The project was successful.	Dự án đã thành công.
adjectives	sudden	adjective	A2	đột ngột	We heard a sudden noise.	Chúng tôi nghe một tiếng động đột ngột.
adjectives	suitable	adjective	A2	phù hợp	This coat is suitable for winter.	Áo khoác này phù hợp với mùa đông.
adjectives	traditional	adjective	A2	truyền thống	They cooked a traditional meal.	Họ nấu một bữa ăn truyền thống.
adjectives	typical	adjective	A2	điển hình	This is typical June weather.	Đây là thời tiết điển hình của tháng Sáu.
adjectives	unable	adjective	A2	không thể	He was unable to attend.	Anh ấy không thể tham dự.
adjectives	uncomfortable	adjective	A2	không thoải mái	The chair is uncomfortable.	Cái ghế không thoải mái.
adjectives	unfair	adjective	A2	không công bằng	The rule feels unfair.	Quy định này không công bằng.
adjectives	unusual	adjective	A2	bất thường	The color is unusual.	Màu này bất thường.
adjectives	usual	adjective	A2	thông thường	I took my usual route.	Tôi đi tuyến đường thường lệ.
adjectives	valuable	adjective	A2	có giá trị	The ring is valuable.	Chiếc nhẫn có giá trị.
adjectives	various	adjective	A2	nhiều loại	The shop sells various teas.	Cửa hàng bán nhiều loại trà.
adjectives	whole	adjective	A2	toàn bộ	I read the whole book.	Tôi đọc cả cuốn sách.
adjectives	wild	adjective	A2	hoang dã	We saw wild horses.	Chúng tôi thấy ngựa hoang.
adjectives	willing	adjective	A2	sẵn lòng	I am willing to help.	Tôi sẵn lòng giúp.
adjectives	wise	adjective	A2	khôn ngoan	That was a wise choice.	Đó là một lựa chọn khôn ngoan.
adjectives	wooden	adjective	A2	bằng gỗ	It is a wooden table.	Đó là một cái bàn gỗ.
adjectives	worse	adjective	A2	tệ hơn	Today is worse than yesterday.	Hôm nay tệ hơn hôm qua.
adjectives	worst	adjective	A2	tệ nhất	This is the worst seat.	Đây là chỗ tệ nhất.
adjectives	worth	adjective	A2	đáng	The trip was worth the cost.	Chuyến đi đáng số tiền bỏ ra.
adjectives	patient	adjective	A2	kiên nhẫn	Please be patient.	Xin hãy kiên nhẫn.
adjectives	generous	adjective	A2	hào phóng	He is generous with his time.	Anh ấy sẵn sàng dành thời gian cho người khác.
adjectives	selfish	adjective	A2	ích kỷ	That was a selfish decision.	Đó là một quyết định ích kỷ.
adjectives	brave	adjective	A2	dũng cảm	The firefighter was brave.	Người lính cứu hỏa rất dũng cảm.
adjectives	shy	adjective	A2	nhút nhát	The boy is shy.	Cậu bé nhút nhát.
adjectives	creative	adjective	A2	sáng tạo	She is a creative designer.	Cô ấy là nhà thiết kế sáng tạo.
adjectives	reliable	adjective	A2	đáng tin cậy	This bus is reliable.	Chuyến xe buýt này đáng tin.
adjectives	modest	adjective	A2	khiêm tốn	He is modest about his success.	Anh ấy khiêm tốn về thành công của mình.
adjectives	arrogant	adjective	A2	kiêu ngạo	His tone was arrogant.	Giọng anh ấy kiêu ngạo.
adjectives	humble	adjective	A2	khiêm nhường	She stayed humble.	Cô ấy vẫn khiêm nhường.
adjectives	outgoing	adjective	A2	hướng ngoại	My sister is outgoing.	Em gái tôi hướng ngoại.
adjectives	talkative	adjective	A2	hay nói	The driver was talkative.	Tài xế hay nói.
adjectives	loyal	adjective	A2	trung thành	Dogs are loyal animals.	Chó là loài vật trung thành.
adjectives	hardworking	adjective	A2	chăm chỉ	The staff is hardworking.	Nhân viên chăm chỉ.
adjectives	foolish	adjective	A2	dại dột	It was a foolish risk.	Đó là một rủi ro dại dột.
adjectives	silly	adjective	A2	ngớ ngẩn	It was a silly mistake.	Đó là một lỗi ngớ ngẩn.
adjectives	punctual	adjective	A2	đúng giờ	Please be punctual.	Xin hãy đúng giờ.
adjectives	neat	adjective	A2	gọn gàng	His handwriting is neat.	Chữ của anh ấy gọn gàng.
adjectives	gentle	adjective	A2	dịu dàng	Use a gentle voice.	Hãy nói bằng giọng dịu dàng.
adjectives	cruel	adjective	A2	độc ác	The comment was cruel.	Lời nhận xét độc ác.
adjectives	helpful	adjective	A2	hay giúp đỡ	The guide was helpful.	Người hướng dẫn rất hay giúp.
adjectives	useless	adjective	A2	vô dụng	This old map is useless.	Tấm bản đồ cũ này vô dụng.
adjectives	unknown	adjective	A2	không rõ	The author is unknown.	Tác giả không rõ là ai.
adjectives	incorrect	adjective	A2	không đúng	The address is incorrect.	Địa chỉ không đúng.
adjectives	national	adjective	A2	thuộc quốc gia	Monday is a national holiday.	Thứ Hai là ngày lễ toàn quốc.
adjectives	medical	adjective	A2	thuộc y tế	She needs medical help.	Cô ấy cần trợ giúp y tế.
adjectives	accurate	adjective	B1	chính xác	The map is accurate.	Bản đồ chính xác.
adjectives	active	adjective	B1	năng động	She has an active life.	Cô ấy có cuộc sống năng động.
adjectives	actual	adjective	B1	thực tế, thật sự	The actual cost was higher.	Chi phí thực tế cao hơn.
adjectives	additional	adjective	B1	bổ sung	We need additional chairs.	Chúng tôi cần thêm ghế.
adjectives	advanced	adjective	B1	nâng cao	This is an advanced class.	Đây là lớp nâng cao.
adjectives	ancient	adjective	B1	cổ xưa	They visited an ancient temple.	Họ thăm một ngôi đền cổ.
adjectives	annual	adjective	B1	hằng năm	The annual meeting is in May.	Cuộc họp hằng năm vào tháng Năm.
adjectives	appropriate	adjective	B1	thích hợp	Wear appropriate clothes.	Hãy mặc quần áo thích hợp.
adjectives	artificial	adjective	B1	nhân tạo	The flowers are artificial.	Hoa này là hoa giả.
adjectives	attractive	adjective	B1	hấp dẫn	The offer is attractive.	Lời đề nghị hấp dẫn.
adjectives	available	adjective	B1	có sẵn	Tickets are available online.	Vé có bán trên mạng.
adjectives	average	adjective	B1	trung bình	His score is average.	Điểm của anh ấy ở mức trung bình.
adjectives	basic	adjective	B1	cơ bản	Learn the basic rules first.	Hãy học các quy tắc cơ bản trước.
adjectives	brilliant	adjective	B1	xuất sắc	She had a brilliant idea.	Cô ấy có một ý tưởng xuất sắc.
adjectives	broad	adjective	B1	rộng	The river is broad here.	Đoạn sông này rộng.
adjectives	capable	adjective	B1	có năng lực	She is capable of leading.	Cô ấy có khả năng lãnh đạo.
adjectives	central	adjective	B1	trung tâm	The hotel is in a central location.	Khách sạn nằm ở vị trí trung tâm.
adjectives	classic	adjective	B1	cổ điển	This is a classic novel.	Đây là một tiểu thuyết cổ điển.
adjectives	commercial	adjective	B1	thương mại	This is a commercial district.	Đây là khu thương mại.
adjectives	complex	adjective	B1	phức tạp	The problem is complex.	Vấn đề phức tạp.
adjectives	convenient	adjective	B1	tiện lợi	The shop is convenient.	Cửa hàng tiện lợi.
adjectives	critical	adjective	B1	then chốt	Time is critical.	Thời gian là yếu tố then chốt.
adjectives	cultural	adjective	B1	văn hóa	The city has many cultural events.	Thành phố có nhiều sự kiện văn hóa.
adjectives	current	adjective	B1	hiện thời	What is the current price?	Giá hiện tại là bao nhiêu?
adjectives	decent	adjective	B1	tử tế, khá	They served a decent meal.	Họ dọn một bữa ăn khá ổn.
adjectives	direct	adjective	B1	trực tiếp	Is there a direct train?	Có tàu thẳng không?
adjectives	distant	adjective	B1	xa xôi	We could hear distant thunder.	Chúng tôi nghe tiếng sấm từ xa.
adjectives	effective	adjective	B1	có hiệu quả	The medicine was effective.	Thuốc có tác dụng.
adjectives	efficient	adjective	B1	hiệu suất cao	The new system is efficient.	Hệ thống mới hoạt động hiệu quả.
adjectives	enormous	adjective	B1	khổng lồ	The building is enormous.	Tòa nhà khổng lồ.
adjectives	entire	adjective	B1	toàn bộ	I spent the entire day there.	Tôi ở đó cả ngày.
adjectives	equal	adjective	B1	ngang bằng	Everyone gets an equal share.	Mọi người nhận phần bằng nhau.
adjectives	essential	adjective	B1	thiết yếu	Water is essential.	Nước là thứ thiết yếu.
adjectives	exact	adjective	B1	đúng y	Tell me the exact time.	Hãy nói cho tôi giờ chính xác.
adjectives	experienced	adjective	B1	có kinh nghiệm	She is an experienced nurse.	Cô ấy là y tá có kinh nghiệm.
adjectives	familiar	adjective	B1	quen thuộc	This street looks familiar.	Con đường này trông quen.
adjectives	fantastic	adjective	B1	tuyệt diệu	We saw a fantastic view.	Chúng tôi thấy một cảnh tuyệt đẹp.
adjectives	financial	adjective	B1	thuộc tài chính	He has financial problems.	Anh ấy gặp vấn đề tài chính.
adjectives	formal	adjective	B1	trang trọng	Wear formal clothes to the dinner.	Hãy mặc đồ trang trọng đến bữa tối.
adjectives	former	adjective	B1	trước đây	She is a former teacher.	Cô ấy từng là giáo viên.
adjectives	frequent	adjective	B1	thường xuyên	Flight delays are frequent.	Chuyến bay hay bị trễ.
adjectives	global	adjective	B1	toàn cầu	The company has a global market.	Công ty có thị trường toàn cầu.
adjectives	ideal	adjective	B1	lý tưởng	This is an ideal place to study.	Đây là nơi lý tưởng để học.
adjectives	illegal	adjective	B1	bất hợp pháp	Parking here is illegal.	Đỗ xe ở đây là bất hợp pháp.
adjectives	immediate	adjective	B1	ngay lập tức	We need an immediate reply.	Chúng tôi cần câu trả lời ngay.
adjectives	independent	adjective	B1	độc lập	She is an independent thinker.	Cô ấy suy nghĩ độc lập.
adjectives	individual	adjective	B1	riêng từng người	Each individual result matters.	Kết quả của từng người đều quan trọng.
adjectives	innocent	adjective	B1	vô tội	The man was innocent.	Người đàn ông đó vô tội.
adjectives	international	adjective	B1	quốc tế	She works for an international bank.	Cô ấy làm việc cho một ngân hàng quốc tế.
adjectives	legal	adjective	B1	hợp pháp	Is this contract legal?	Hợp đồng này có hợp pháp không?
adjectives	limited	adjective	B1	có hạn	Seats are limited.	Số ghế có hạn.
adjectives	logical	adjective	B1	hợp lý	His explanation was logical.	Lời giải thích của anh ấy hợp lý.
adjectives	loose	adjective	B1	lỏng	The screw is loose.	Con ốc bị lỏng.
adjectives	major	adjective	B1	chính, lớn	Traffic is a major problem.	Giao thông là vấn đề lớn.
adjectives	mild	adjective	B1	nhẹ, ôn hòa	The winter is mild.	Mùa đông ôn hòa.
adjectives	minor	adjective	B1	nhỏ, thứ yếu	It was a minor error.	Đó là một lỗi nhỏ.
adjectives	missing	adjective	B1	bị thiếu, mất tích	One page is missing.	Thiếu một trang.
adjectives	moderate	adjective	B1	vừa phải	The price is moderate.	Giá ở mức vừa phải.
adjectives	negative	adjective	B1	tiêu cực	Try not to be negative.	Cố đừng tiêu cực.
adjectives	neutral	adjective	B1	trung lập	The report stays neutral.	Bản báo cáo giữ thái độ trung lập.
adjectives	significant	adjective	B2	đáng kể	There was a significant change.	Đã có một thay đổi đáng kể.
adjectives	reluctant	adjective	B2	ngần ngại, miễn cưỡng	She is reluctant to speak.	Cô ấy ngần ngại không muốn nói.
adjectives	substantial	adjective	B2	đáng kể, lớn	They made a substantial profit.	Họ thu được lợi nhuận đáng kể.
adjectives	sufficient	adjective	B2	đủ	The evidence is sufficient.	Bằng chứng đã đủ.
adjectives	temporary	adjective	B2	tạm thời	This is a temporary job.	Đây là việc làm tạm thời.
adjectives	urgent	adjective	B2	khẩn cấp	The message is urgent.	Tin nhắn này khẩn cấp.
adjectives	unique	adjective	B2	độc nhất	Each person is unique.	Mỗi người là độc nhất.
adjectives	urban	adjective	B2	đô thị	Urban life can be busy.	Đời sống đô thị có thể rất bận.
adjectives	vague	adjective	B2	mơ hồ	His answer was vague.	Câu trả lời của anh ấy mơ hồ.
adjectives	valid	adjective	B2	có hiệu lực	Your ticket is still valid.	Vé của bạn vẫn còn hiệu lực.
adjectives	vast	adjective	B2	mênh mông	The desert is vast.	Sa mạc mênh mông.
adjectives	visible	adjective	B2	nhìn thấy được	The mountains are visible today.	Hôm nay nhìn thấy núi.
adjectives	vital	adjective	B2	tối quan trọng	Clean water is vital.	Nước sạch là tối quan trọng.
adjectives	vulnerable	adjective	B2	dễ tổn thương	Young birds are vulnerable.	Chim non dễ bị tổn thương.
adjectives	widespread	adjective	B2	lan rộng	The problem is widespread.	Vấn đề này lan rộng.
adjectives	flexible	adjective	B2	linh hoạt	She has a flexible schedule.	Cô ấy có lịch linh hoạt.
adjectives	fluent	adjective	B2	trôi chảy	He is fluent in English.	Anh ấy nói tiếng Anh trôi chảy.
adjectives	fragile	adjective	B2	dễ vỡ	This glass is fragile.	Cái ly này dễ vỡ.
adjectives	genuine	adjective	B2	chân thật	Her smile was genuine.	Nụ cười của cô ấy chân thật.
adjectives	inevitable	adjective	B2	không thể tránh	Change is inevitable.	Thay đổi là điều không tránh khỏi.
adjectives	initial	adjective	B2	ban đầu	The initial plan failed.	Kế hoạch ban đầu thất bại.
adjectives	intense	adjective	B2	dữ dội	The heat was intense.	Nắng nóng dữ dội.
adjectives	mature	adjective	B2	trưởng thành	She is mature for her age.	Cô ấy trưởng thành so với tuổi.
adjectives	mysterious	adjective	B2	bí ẩn	We heard a mysterious sound.	Chúng tôi nghe một âm thanh bí ẩn.
adjectives	objective	adjective	B2	khách quan	Please stay objective.	Xin hãy khách quan.
adjectives	obscure	adjective	B2	khó hiểu, ít người biết	The reference is obscure.	Câu trích này khó hiểu.
adjectives	ongoing	adjective	B2	đang tiếp diễn	The repair work is ongoing.	Việc sửa chữa vẫn đang tiếp diễn.
adjectives	passive	adjective	B2	thụ động	Do not stay passive.	Đừng giữ thái độ thụ động.
adjectives	persistent	adjective	B2	bền bỉ	She is a persistent worker.	Cô ấy là người làm việc bền bỉ.
adjectives	prior	adjective	B2	trước đó	No prior experience is required.	Không cần kinh nghiệm trước đó.
adjectives	prominent	adjective	B2	nổi bật	The tower is a prominent landmark.	Tháp là một địa danh nổi bật.
adjectives	random	adjective	B2	ngẫu nhiên	The choice seemed random.	Sự lựa chọn có vẻ ngẫu nhiên.
adjectives	rational	adjective	B2	có lý trí	Let us make a rational decision.	Chúng ta hãy đưa ra quyết định có lý.
adjectives	secure	adjective	B2	an toàn, chắc	The lock is secure.	Ổ khóa chắc.
adjectives	severe	adjective	B2	nghiêm trọng	The injury was severe.	Vết thương nghiêm trọng.
adjectives	sophisticated	adjective	B2	tinh vi	The software is sophisticated.	Phần mềm tinh vi.
adjectives	stable	adjective	B2	ổn định	The ladder is stable.	Cái thang đứng vững.
adjectives	stubborn	adjective	B2	bướng bỉnh	The mule is stubborn.	Con la bướng bỉnh.
adjectives	thorough	adjective	B2	kỹ lưỡng	She did a thorough check.	Cô ấy kiểm tra rất kỹ.
adjectives	worthwhile	adjective	B2	đáng công	The course was worthwhile.	Khóa học đáng để theo.
adjectives	practical	adjective	B1	thực tế	We need a practical plan.	Chúng tôi cần một kế hoạch thực tế.
adjectives	positive	adjective	B1	tích cực	She has a positive attitude.	Cô ấy có thái độ tích cực.
adjectives	previous	adjective	B1	trước đó	See the previous page.	Xem trang trước.
adjectives	relevant	adjective	B1	liên quan	Please keep the comment relevant.	Xin giữ nhận xét đúng chủ đề.
adjectives	realistic	adjective	B1	thực tế	Set a realistic goal.	Hãy đặt một mục tiêu thực tế.
adjectives	reasonable	adjective	B1	hợp lý	The rent is reasonable.	Tiền thuê hợp lý.
adjectives	remarkable	adjective	B1	đáng chú ý	She made remarkable progress.	Cô ấy tiến bộ đáng chú ý.
adjectives	rural	adjective	B1	nông thôn	They live in a rural area.	Họ sống ở vùng nông thôn.
adjectives	ordinary	adjective	B1	bình thường	It was an ordinary day.	Đó là một ngày bình thường.
adjectives	numerous	adjective	B1	rất nhiều	The library has numerous books.	Thư viện có rất nhiều sách.
adjectives	male	adjective	B1	nam, đực	The male bird is brighter.	Con chim đực có màu sáng hơn.
adjectives	female	adjective	B1	nữ	The female doctor arrived.	Bác sĩ nữ đã đến.
adjectives	pregnant	adjective	B1	mang thai	She is pregnant.	Cô ấy đang mang thai.
adjectives	permanent	adjective	B1	lâu dài	He wants a permanent job.	Anh ấy muốn một việc làm lâu dài.
adjectives	political	adjective	B1	chính trị	They avoided political talk.	Họ tránh nói chuyện chính trị.
adjectives	potential	adjective	B1	tiềm năng	The plan has potential.	Kế hoạch có tiềm năng.
adjectives	proper	adjective	B1	đúng cách	Use the proper tool.	Hãy dùng đúng dụng cụ.
adjectives	pure	adjective	B1	tinh khiết	The water is pure.	Nước tinh khiết.
adjectives	rapid	adjective	B1	nhanh chóng	The city saw rapid growth.	Thành phố tăng trưởng nhanh.
adjectives	raw	adjective	B1	sống, chưa chế biến	Do not eat the fish raw.	Đừng ăn cá sống.
adjectives	senior	adjective	B1	cấp cao, lớn tuổi hơn	She is a senior manager.	Cô ấy là quản lý cấp cao.
adjectives	junior	adjective	B1	cấp dưới, ít tuổi hơn	He is a junior employee.	Anh ấy là nhân viên cấp dưới.
adjectives	indoor	adjective	A2	trong nhà	They built an indoor pool.	Họ xây một hồ bơi trong nhà.
adjectives	outdoor	adjective	A2	ngoài trời	We prefer outdoor markets.	Chúng tôi thích chợ ngoài trời.
adjectives	electric	adjective	A2	chạy điện	They bought an electric bike.	Họ mua một chiếc xe đạp điện.
adjectives	general	adjective	A2	chung	This is a general rule.	Đây là quy tắc chung.
adjectives	physical	adjective	B1	thuộc thể chất	The job needs physical strength.	Công việc này cần sức lực.
adjectives	mental	adjective	B1	thuộc tinh thần	Chess is a mental game.	Cờ vua là trò chơi trí tuệ.
adjectives	royal	adjective	A2	hoàng gia	They visited the royal palace.	Họ thăm cung điện hoàng gia.
adjectives	golden	adjective	A2	vàng ánh	The field looked golden.	Cánh đồng ánh lên màu vàng.
adjectives	violent	adjective	B1	bạo lực	The movie is too violent.	Bộ phim quá nhiều cảnh bạo lực.
adjectives	shallow	adjective	A2	nông	The water is shallow.	Nước nông.
adjectives	tight	adjective	A2	chật, chặt	These shoes are tight.	Đôi giày này chật.
adjectives	steep	adjective	B1	dốc	The hill is steep.	Đồi dốc.
adjectives	adequate	adjective	B2	đủ dùng	The food supply is adequate.	Lương thực đủ dùng.
adverbs	always	adverb	A1	luôn luôn	She always arrives early.	Cô ấy luôn đến sớm.
adverbs	usually	adverb	A1	thường	I usually walk to work.	Tôi thường đi bộ đi làm.
adverbs	often	adverb	A1	thường xuyên	We often eat out.	Chúng tôi thường ăn ngoài.
adverbs	sometimes	adverb	A1	đôi khi	Sometimes I read at night.	Đôi khi tôi đọc sách ban đêm.
adverbs	never	adverb	A1	không bao giờ	I never drink coffee.	Tôi không bao giờ uống cà phê.
adverbs	quickly	adverb	A1	một cách nhanh	She finished the work quickly.	Cô ấy làm xong việc rất nhanh.
adverbs	slowly	adverb	A1	một cách chậm	Please speak slowly.	Xin hãy nói chậm.
adverbs	carefully	adverb	A2	một cách cẩn thận	Read the label carefully.	Hãy đọc nhãn cho kỹ.
adverbs	easily	adverb	A2	một cách dễ dàng	You can easily walk there.	Bạn có thể dễ dàng đi bộ đến đó.
adverbs	well	adverb	A1	giỏi, tốt	He cooks well.	Anh ấy nấu ăn giỏi.
adverbs	badly	adverb	A2	tệ	The team played badly.	Đội chơi tệ.
adverbs	fast	adverb	A1	nhanh	Do not drive so fast.	Đừng lái nhanh như vậy.
adverbs	hard	adverb	A1	chăm chỉ, mạnh	They worked hard all day.	Họ làm việc chăm chỉ cả ngày.
adverbs	together	adverb	A1	cùng nhau	We studied together.	Chúng tôi học cùng nhau.
adverbs	alone	adverb	A1	một mình	She lives alone.	Cô ấy sống một mình.
adverbs	very	adverb	A1	rất	The water is very cold.	Nước rất lạnh.
adverbs	really	adverb	A1	thực sự	I really like this song.	Tôi thực sự thích bài hát này.
adverbs	too	adverb	A1	quá	This shirt is too small.	Áo này quá nhỏ.
adverbs	now	adverb	A1	bây giờ	Please listen now.	Bây giờ hãy lắng nghe.
adverbs	then	adverb	A1	sau đó	We ate, and then we left.	Chúng tôi ăn rồi sau đó ra về.
adverbs	soon	adverb	A1	sắp, sớm	Dinner will be ready soon.	Bữa tối sắp xong.
adverbs	today	adverb	A1	hôm nay	I am busy today.	Hôm nay tôi bận.
adverbs	tomorrow	adverb	A1	ngày mai	See you tomorrow.	Hẹn gặp ngày mai.
adverbs	yesterday	adverb	A1	hôm qua	I called her yesterday.	Tôi gọi cho cô ấy hôm qua.
adverbs	tonight	adverb	A1	tối nay	Are you free tonight?	Tối nay bạn có rảnh không?
adverbs	here	adverb	A1	ở đây	Please sit here.	Mời ngồi đây.
adverbs	there	adverb	A1	ở đó	Your seat is over there.	Chỗ của bạn ở đằng kia.
adverbs	away	adverb	A1	đi mất, ra xa	The bird flew away.	Con chim bay đi.
adverbs	already	adverb	A2	đã, rồi	I already ate.	Tôi ăn rồi.
adverbs	yet	adverb	A2	chưa	She has not finished yet.	Cô ấy vẫn chưa xong.
adverbs	still	adverb	A2	vẫn còn	He is still at work.	Anh ấy vẫn còn ở chỗ làm.
adverbs	just	adverb	A2	vừa mới	I just arrived.	Tôi vừa mới đến.
adverbs	ago	adverb	A2	trước đây	They moved here years ago.	Họ chuyển đến đây nhiều năm trước.
adverbs	recently	adverb	A2	gần đây	I recently changed jobs.	Gần đây tôi đổi việc.
adverbs	again	adverb	A1	lại, nữa	Please say that again.	Xin hãy nói lại điều đó.
adverbs	also	adverb	A1	cũng	She also speaks French.	Cô ấy cũng nói tiếng Pháp.
adverbs	only	adverb	A1	chỉ	She only wanted water.	Cô ấy chỉ muốn nước.
adverbs	even	adverb	A2	ngay cả, thậm chí	Even children understood it.	Ngay cả trẻ em cũng hiểu.
adverbs	almost	adverb	A2	gần như, suýt	I almost missed the bus.	Tôi suýt lỡ xe buýt.
adverbs	enough	adverb	A2	đủ	This rope is long enough.	Sợi dây này đủ dài.
adverbs	quite	adverb	A2	khá	The movie was quite good.	Bộ phim khá hay.
adverbs	rather	adverb	B1	khá, hơi	The question is rather hard.	Câu hỏi hơi khó.
adverbs	early	adverb	A1	sớm	Please come early.	Hãy đến sớm.
adverbs	late	adverb	A1	muộn, trễ	He went to bed late.	Anh ấy đi ngủ muộn.
adverbs	upstairs	adverb	A2	trên lầu	The bedroom is upstairs.	Phòng ngủ ở trên lầu.
adverbs	downstairs	adverb	A2	dưới nhà	Dad is downstairs.	Bố đang ở dưới nhà.
adverbs	inside	adverb	A2	bên trong	Come inside.	Hãy vào trong.
adverbs	outside	adverb	A2	bên ngoài	The children played outside.	Bọn trẻ chơi ở ngoài.
adverbs	ahead	adverb	A2	phía trước	The station is straight ahead.	Nhà ga ở thẳng phía trước.
adverbs	back	adverb	A1	trở lại	She came back at noon.	Cô ấy quay lại lúc trưa.
adverbs	quietly	adverb	A2	nhẹ nhàng, nhỏ tiếng	They talked quietly.	Họ nói chuyện nhỏ nhẹ.
adverbs	loudly	adverb	A2	to, ồn	The baby cried loudly.	Em bé khóc to.
adverbs	happily	adverb	A2	một cách vui vẻ	The children played happily.	Bọn trẻ chơi rất vui.
adverbs	sadly	adverb	A2	một cách buồn	He sadly shook his head.	Anh ấy buồn bã lắc đầu.
adverbs	angrily	adverb	A2	một cách giận dữ	She angrily left the room.	Cô ấy giận dữ rời phòng.
adverbs	politely	adverb	A2	một cách lịch sự	He asked politely.	Anh ấy hỏi một cách lịch sự.
adverbs	kindly	adverb	B1	tử tế, vui lòng	She kindly offered her seat.	Cô ấy tốt bụng nhường chỗ.
adverbs	gently	adverb	B1	nhẹ nhàng	Hold the puppy gently.	Hãy bế cún thật nhẹ.
adverbs	firmly	adverb	B1	chắc chắn, kiên quyết	He firmly closed the door.	Anh ấy đóng cửa thật chắc.
adverbs	softly	adverb	A2	khẽ, nhẹ	She spoke softly.	Cô ấy nói khẽ.
adverbs	clearly	adverb	A2	một cách rõ ràng	Please write clearly.	Hãy viết cho rõ.
adverbs	closely	adverb	B1	sát, chặt chẽ	Watch the child closely.	Hãy theo dõi đứa trẻ thật sát.
adverbs	deeply	adverb	B1	sâu sắc	She cares deeply about her students.	Cô ấy quan tâm sâu sắc đến học sinh.
adverbs	widely	adverb	B1	rộng rãi	The news spread widely.	Tin lan rộng.
adverbs	strongly	adverb	B1	mạnh mẽ	I strongly recommend this book.	Tôi nhiệt liệt giới thiệu cuốn sách này.
adverbs	suddenly	adverb	A2	đột nhiên	The lights suddenly went out.	Đèn đột nhiên tắt.
adverbs	immediately	adverb	B1	ngay lập tức	Come here immediately.	Hãy đến đây ngay.
adverbs	finally	adverb	A2	cuối cùng	We finally arrived.	Cuối cùng chúng tôi cũng đến.
adverbs	eventually	adverb	B1	cuối cùng thì	He eventually found his keys.	Cuối cùng anh ấy cũng tìm thấy chìa khóa.
adverbs	gradually	adverb	B1	dần dần	The pain gradually faded.	Cơn đau dần dần giảm.
adverbs	rarely	adverb	A2	hiếm khi	He rarely watches television.	Anh ấy hiếm khi xem tivi.
adverbs	seldom	adverb	B1	hiếm khi	She seldom complains.	Cô ấy hiếm khi phàn nàn.
adverbs	frequently	adverb	B1	thường xuyên	The buses run frequently.	Xe buýt chạy dày.
adverbs	occasionally	adverb	B1	thỉnh thoảng	We occasionally visit our uncle.	Thỉnh thoảng chúng tôi thăm chú.
adverbs	generally	adverb	B1	nhìn chung	The winters are generally mild.	Mùa đông nhìn chung khá dễ chịu.
adverbs	normally	adverb	A2	thông thường	I normally get up at six.	Tôi thường dậy lúc sáu giờ.
adverbs	regularly	adverb	B1	đều đặn	See your doctor regularly.	Hãy đi khám bác sĩ đều đặn.
adverbs	constantly	adverb	B1	liên tục	The phone rang constantly.	Điện thoại reo liên tục.
adverbs	repeatedly	adverb	B1	lặp đi lặp lại	She repeatedly checked the lock.	Cô ấy kiểm tra khóa nhiều lần.
adverbs	daily	adverb	A2	hằng ngày	The shop opens daily.	Cửa hàng mở cửa hằng ngày.
adverbs	lately	adverb	B1	gần đây	She has been tired lately.	Gần đây cô ấy hay mệt.
adverbs	currently	adverb	B1	hiện tại	He is currently in Da Nang.	Hiện anh ấy đang ở Đà Nẵng.
adverbs	previously	adverb	B1	trước đây	I previously lived in Hue.	Trước đây tôi sống ở Huế.
adverbs	afterward	adverb	B1	sau đó	We can talk afterward.	Chúng ta có thể nói chuyện sau.
adverbs	meanwhile	adverb	B1	trong lúc đó	Dinner is cooking. Meanwhile, set the table.	Cơm đang nấu. Trong lúc đó, hãy dọn bàn.
adverbs	everywhere	adverb	A2	khắp nơi	I looked everywhere.	Tôi đã tìm khắp nơi.
adverbs	somewhere	adverb	A2	ở đâu đó	I left my bag somewhere.	Tôi để túi ở đâu đó.
adverbs	anywhere	adverb	A2	bất cứ đâu	Sit anywhere you like.	Ngồi bất cứ chỗ nào bạn thích.
adverbs	nowhere	adverb	B1	không nơi nào	There is nowhere to park.	Không có chỗ đậu xe.
adverbs	indoors	adverb	A2	trong nhà	The children stayed indoors.	Bọn trẻ ở trong nhà.
adverbs	outdoors	adverb	A2	ngoài trời	We ate outdoors.	Chúng tôi ăn ở ngoài trời.
adverbs	nearby	adverb	A2	ở gần	A cafe is nearby.	Có một quán cà phê ở gần.
adverbs	abroad	adverb	A2	ở nước ngoài	He studied abroad.	Anh ấy đã đi học ở nước ngoài.
adverbs	overnight	adverb	B1	qua đêm	We stayed overnight.	Chúng tôi ở lại qua đêm.
adverbs	forward	adverb	A2	về phía trước	Please step forward.	Mời bước lên phía trước.
adverbs	backward	adverb	B1	về phía sau	He fell backward.	Anh ấy ngã về phía sau.
adverbs	home	adverb	A1	về nhà	I went home early.	Tôi về nhà sớm.
adverbs	aloud	adverb	A2	thành tiếng	Please read the sentence aloud.	Hãy đọc câu đó thành tiếng.
adverbs	extremely	adverb	B1	cực kỳ	The desert is extremely hot.	Sa mạc cực kỳ nóng.
adverbs	fairly	adverb	B1	khá	The price is fairly low.	Giá khá thấp.
adverbs	slightly	adverb	B1	hơi, một chút	The plan changed slightly.	Kế hoạch thay đổi một chút.
adverbs	completely	adverb	A2	hoàn toàn	I completely forgot.	Tôi quên sạch.
adverbs	totally	adverb	B1	hoàn toàn	I totally agree.	Tôi hoàn toàn đồng ý.
adverbs	entirely	adverb	B1	hoàn toàn	The story is entirely true.	Câu chuyện hoàn toàn có thật.
adverbs	absolutely	adverb	B1	hoàn toàn	You are absolutely right.	Bạn hoàn toàn đúng.
adverbs	nearly	adverb	A2	gần	It is nearly midnight.	Gần nửa đêm rồi.
adverbs	hardly	adverb	B1	hầu như không	I hardly know him.	Tôi hầu như không biết anh ấy.
adverbs	barely	adverb	B1	chỉ vừa đủ	She barely passed the exam.	Cô ấy vừa đủ đậu kỳ thi.
adverbs	fully	adverb	B1	hoàn toàn, kín	The hotel is fully booked.	Khách sạn đã kín chỗ.
adverbs	partly	adverb	B1	một phần	The delay was partly our fault.	Sự chậm trễ một phần do lỗi của chúng tôi.
adverbs	mostly	adverb	B1	chủ yếu	The audience was mostly students.	Khán giả chủ yếu là sinh viên.
adverbs	largely	adverb	B1	phần lớn	The town is largely quiet.	Thị trấn phần lớn yên tĩnh.
adverbs	greatly	adverb	B1	rất nhiều	Prices have greatly increased.	Giá đã tăng nhiều.
adverbs	however	adverb	B1	tuy nhiên	The hotel is old. However, it is clean.	Khách sạn cũ. Tuy nhiên, nó sạch.
adverbs	therefore	adverb	B1	vì vậy	The road is icy. Therefore, drive slowly.	Đường đóng băng. Vì vậy hãy lái chậm.
adverbs	moreover	adverb	B2	hơn nữa	The plan is cheap. Moreover, it is simple.	Kế hoạch rẻ. Hơn nữa, nó đơn giản.
adverbs	furthermore	adverb	B2	thêm vào đó	The data is old. Furthermore, it is incomplete.	Dữ liệu cũ. Thêm vào đó, nó không đầy đủ.
adverbs	nevertheless	adverb	B2	dù vậy	It was raining. Nevertheless, we went out.	Trời đang mưa. Dù vậy, chúng tôi vẫn ra ngoài.
adverbs	otherwise	adverb	B1	nếu không	Hurry, otherwise we will be late.	Nhanh lên, nếu không chúng ta sẽ trễ.
adverbs	instead	adverb	A2	thay vào đó	Take the bus instead.	Hãy đi xe buýt thay vào đó.
adverbs	consequently	adverb	B2	do đó	He missed the train and was consequently late.	Anh ấy lỡ tàu và vì thế bị trễ.
adverbs	thus	adverb	B2	vì thế	The shop was closed. Thus, we went home.	Cửa hàng đóng cửa. Vì thế chúng tôi về nhà.
adverbs	hence	adverb	B2	do đó	The roads flooded, hence the delay.	Đường ngập, do đó bị trễ.
adverbs	accordingly	adverb	B2	cho phù hợp	The rules changed, so we acted accordingly.	Quy định đã đổi, nên chúng tôi xử lý cho phù hợp.
adverbs	nonetheless	adverb	B2	dù vậy	The task was hard. Nonetheless, she finished it.	Nhiệm vụ khó. Dù vậy, cô ấy vẫn hoàn thành.
adverbs	anyway	adverb	B1	dù sao	It is expensive, but I will buy it anyway.	Nó đắt, nhưng tôi vẫn sẽ mua.
adverbs	indeed	adverb	B1	quả thật	The soup is indeed hot.	Món súp quả thật nóng.
adverbs	actually	adverb	A2	thực ra	I actually live nearby.	Thực ra tôi sống ở gần đây.
adverbs	basically	adverb	B1	về cơ bản	The idea is basically simple.	Ý tưởng về cơ bản là đơn giản.
adverbs	certainly	adverb	B1	chắc chắn	I will certainly come.	Tôi chắc chắn sẽ đến.
adverbs	definitely	adverb	B1	chắc chắn	This is definitely the right bus.	Đây chắc chắn là đúng xe buýt.
adverbs	probably	adverb	A2	có lẽ	It will probably rain.	Trời có lẽ sẽ mưa.
adverbs	possibly	adverb	B1	có thể	She is possibly at the library.	Có thể cô ấy đang ở thư viện.
adverbs	perhaps	adverb	B1	có lẽ	Perhaps we can meet tomorrow.	Có lẽ ngày mai chúng ta gặp được.
adverbs	maybe	adverb	A2	có lẽ	Maybe he forgot.	Có lẽ anh ấy quên.
adverbs	obviously	adverb	B1	rõ ràng	She is obviously tired.	Cô ấy rõ ràng là mệt.
adverbs	apparently	adverb	B1	hình như	Apparently the flight is delayed.	Hình như chuyến bay bị trễ.
adverbs	fortunately	adverb	B1	may thay	Fortunately, nobody was hurt.	May thay không ai bị thương.
adverbs	unfortunately	adverb	B1	tiếc là	Unfortunately, the museum is closed.	Tiếc là bảo tàng đang đóng cửa.
adverbs	surprisingly	adverb	B1	một cách bất ngờ	The test was surprisingly easy.	Bài kiểm tra dễ đến bất ngờ.
adverbs	similarly	adverb	B1	tương tự	The second task is similarly hard.	Bài thứ hai cũng khó tương tự.
adverbs	likewise	adverb	B2	cũng vậy	She smiled, and he did likewise.	Cô ấy mỉm cười, và anh ấy cũng vậy.
adverbs	especially	adverb	A2	đặc biệt	I like fruit, especially mangoes.	Tôi thích trái cây, đặc biệt là xoài.
adverbs	particularly	adverb	B1	đặc biệt	This chapter is particularly important.	Chương này đặc biệt quan trọng.
adverbs	mainly	adverb	B1	chủ yếu	We stayed home mainly because of the rain.	Chúng tôi ở nhà chủ yếu vì mưa.
adverbs	merely	adverb	B2	chỉ, chỉ là	It was merely a suggestion.	Đó chỉ là một gợi ý.
adverbs	approximately	adverb	B1	khoảng	The trip takes approximately two hours.	Chuyến đi mất khoảng hai tiếng.
adverbs	specifically	adverb	B1	cụ thể	I asked specifically for tea.	Tôi yêu cầu cụ thể là trà.
adverbs	pretty	adverb	A2	khá	I am pretty sure.	Tôi khá chắc.
adverbs	exactly	adverb	A2	chính xác	That is exactly what I meant.	Đó chính là điều tôi muốn nói.
adverbs	precisely	adverb	B1	đúng, chính xác	The train arrived precisely at noon.	Tàu đến đúng buổi trưa.
adverbs	directly	adverb	B1	trực tiếp, thẳng	Go directly to the office.	Hãy đi thẳng đến văn phòng.
adverbs	simply	adverb	A2	chỉ đơn giản	Simply add water.	Chỉ cần thêm nước.
adverbs	seriously	adverb	B1	nghiêm túc, thật sự	You could seriously get hurt.	Bạn có thể bị thương thật sự.
adverbs	personally	adverb	B1	cá nhân	Personally, I prefer tea.	Cá nhân tôi thích trà hơn.
adverbs	honestly	adverb	B1	thật lòng	Honestly, I forgot.	Thật lòng, tôi quên mất.
adverbs	so	adverb	A1	quá, đến mức	The cake is so sweet.	Chiếc bánh ngọt quá.
adverbs	once	adverb	A2	một lần	We meet once a month.	Chúng tôi gặp nhau mỗi tháng một lần.
adverbs	carelessly	adverb	B1	một cách bất cẩn	He packed the glasses carelessly.	Anh ấy xếp ly một cách bất cẩn.
adverbs	bravely	adverb	B1	một cách dũng cảm	They bravely faced the storm.	Họ đối mặt với bão một cách dũng cảm.
adverbs	warmly	adverb	B1	một cách nồng nhiệt	She welcomed us warmly.	Cô ấy chào đón chúng tôi rất nồng nhiệt.
adverbs	freely	adverb	B1	một cách tự do	You may speak freely.	Bạn có thể nói một cách thoải mái.
adverbs	safely	adverb	A2	một cách an toàn	We arrived safely.	Chúng tôi đến nơi an toàn.
adverbs	poorly	adverb	B1	kém	The room was poorly lit.	Căn phòng được thắp sáng kém.
adverbs	highly	adverb	B1	rất, ở mức cao	The restaurant is highly rated.	Nhà hàng được đánh giá rất cao.
adverbs	wrongly	adverb	B1	một cách sai	He was wrongly accused.	Anh ấy bị buộc tội oan.
adverbs	correctly	adverb	A2	một cách đúng	Did I pronounce it correctly?	Tôi phát âm đúng chưa?
adverbs	properly	adverb	B1	đúng cách	Please close the lid properly.	Xin hãy đậy nắp cho đúng.
adverbs	up	adverb	A1	lên	Please stand up.	Xin hãy đứng lên.
adverbs	down	adverb	A1	xuống	Please sit down.	Xin hãy ngồi xuống.
adverbs	out	adverb	A1	ra ngoài	They went out after dinner.	Họ ra ngoài sau bữa tối.
adverbs	off	adverb	A2	tắt, rời khỏi	Please turn the light off.	Xin hãy tắt đèn.
adverbs	online	adverb	A2	trên mạng	I booked the tickets online.	Tôi đặt vé trên mạng.
function-words	a	determiner	A1	một	She has a dog.	Cô ấy có một con chó.
function-words	an	determiner	A1	một	He ate an apple.	Anh ấy ăn một quả táo.
function-words	the	determiner	A1	cái, người ấy	The door is open.	Cánh cửa đang mở.
function-words	i	pronoun	A1	tôi	I live in Hanoi.	Tôi sống ở Hà Nội.
function-words	you	pronoun	A1	bạn, anh, chị	You are early.	Bạn đến sớm.
function-words	he	pronoun	A1	anh ấy, ông ấy	He is a teacher.	Anh ấy là giáo viên.
function-words	she	pronoun	A1	cô ấy, bà ấy	She likes music.	Cô ấy thích nhạc.
function-words	it	pronoun	A1	nó, điều đó	It is cold today.	Hôm nay trời lạnh.
function-words	we	pronoun	A1	chúng tôi, chúng ta	We live here.	Chúng tôi sống ở đây.
function-words	they	pronoun	A1	họ	They are students.	Họ là học sinh.
function-words	me	pronoun	A1	tôi	Please call me.	Hãy gọi cho tôi.
function-words	him	pronoun	A1	anh ấy	I saw him yesterday.	Tôi gặp anh ấy hôm qua.
function-words	her	pronoun	A1	cô ấy	I know her.	Tôi biết cô ấy.
function-words	us	pronoun	A1	chúng tôi	She helped us.	Cô ấy đã giúp chúng tôi.
function-words	them	pronoun	A1	họ	I invited them.	Tôi đã mời họ.
function-words	my	determiner	A1	của tôi	My phone is new.	Điện thoại của tôi mới.
function-words	your	determiner	A1	của bạn	Your idea is good.	Ý của bạn hay.
function-words	his	determiner	A1	của anh ấy	His car is red.	Xe của anh ấy màu đỏ.
function-words	her	determiner	A1	của cô ấy	Her coat is warm.	Áo khoác của cô ấy ấm.
function-words	our	determiner	A1	của chúng tôi	Our house is small.	Nhà của chúng tôi nhỏ.
function-words	their	determiner	A1	của họ	Their children are young.	Con của họ còn nhỏ.
function-words	its	determiner	A2	của nó	The dog wagged its tail.	Con chó vẫy đuôi.
function-words	this	determiner	A1	này	This book is new.	Cuốn sách này mới.
function-words	that	determiner	A1	đó, kia	That car is fast.	Chiếc xe đó nhanh.
function-words	these	determiner	A1	những cái này	These shoes are cheap.	Những chiếc giày này rẻ.
function-words	those	determiner	A1	những cái đó	Those bags are heavy.	Những cái túi đó nặng.
function-words	this	pronoun	A1	cái này, đây	This is my seat.	Đây là chỗ của tôi.
function-words	that	pronoun	A1	cái đó, điều đó	That is true.	Điều đó đúng.
function-words	some	determiner	A1	một vài, một ít	I need some water.	Tôi cần một ít nước.
function-words	any	determiner	A1	một chút nào, bất kỳ	Do you have any questions?	Bạn có câu hỏi nào không?
function-words	many	determiner	A1	nhiều	Many people came.	Nhiều người đã đến.
function-words	much	determiner	A1	nhiều	I do not have much time.	Tôi không có nhiều thời gian.
function-words	few	determiner	A2	ít	Few students failed.	Ít học sinh trượt.
function-words	all	determiner	A1	tất cả	All tickets are sold.	Tất cả vé đã bán hết.
function-words	each	determiner	A2	mỗi	Each child got a book.	Mỗi đứa trẻ nhận một cuốn sách.
function-words	every	determiner	A2	mọi	Every seat was taken.	Mọi chỗ đều có người ngồi.
function-words	other	determiner	A2	khác	Do you have any other questions?	Bạn còn câu hỏi nào khác không?
function-words	another	determiner	A2	một... khác, thêm một	Would you like another cup?	Bạn có muốn thêm một tách nữa không?
function-words	no	determiner	A1	không có	We have no milk.	Chúng tôi không có sữa.
function-words	both	determiner	A2	cả hai	Both answers are correct.	Cả hai câu trả lời đều đúng.
function-words	either	determiner	B1	một trong hai	You can take either road.	Bạn đi đường nào cũng được.
function-words	neither	determiner	B1	không cái nào trong hai	Neither option is cheap.	Không lựa chọn nào rẻ.
function-words	enough	determiner	A2	đủ	There is enough food.	Có đủ thức ăn.
function-words	several	determiner	B1	vài	Several people arrived late.	Vài người đến trễ.
function-words	such	determiner	B1	như vậy	I have never seen such rain.	Tôi chưa thấy mưa như vậy bao giờ.
function-words	less	determiner	A2	ít hơn	We need less sugar.	Chúng ta cần ít đường hơn.
function-words	more	determiner	A1	nhiều hơn, thêm	I need more time.	Tôi cần thêm thời gian.
function-words	most	determiner	A2	hầu hết	Most students passed.	Hầu hết học sinh đã đậu.
function-words	whose	determiner	A2	của ai	Whose coat is this?	Áo khoác này của ai?
function-words	which	determiner	A1	nào	Which bus goes downtown?	Xe buýt nào đi vào trung tâm?
function-words	what	determiner	A1	gì, nào	What time is it?	Mấy giờ rồi?
function-words	half	determiner	A2	một nửa	Half the class was absent.	Một nửa lớp vắng mặt.
function-words	whatever	determiner	B2	bất cứ cái gì	Take whatever you need.	Hãy lấy bất cứ thứ gì bạn cần.
function-words	little	determiner	A2	ít	There is little time left.	Còn rất ít thời gian.
function-words	mine	pronoun	A2	của tôi	This seat is mine.	Chỗ này là của tôi.
function-words	yours	pronoun	A2	của bạn	Is this pen yours?	Cây bút này là của bạn không?
function-words	hers	pronoun	A2	của cô ấy	The blue scarf is hers.	Chiếc khăn xanh da trời là của cô ấy.
function-words	ours	pronoun	A2	của chúng tôi	That table is ours.	Cái bàn đó là của chúng tôi.
function-words	theirs	pronoun	A2	của họ	The red car is theirs.	Chiếc xe đỏ là của họ.
function-words	myself	pronoun	A2	chính tôi, tự tôi	I made it myself.	Tôi tự làm lấy.
function-words	yourself	pronoun	A2	chính bạn, tự bạn	Please help yourself.	Mời bạn cứ tự nhiên.
function-words	himself	pronoun	A2	chính anh ấy, tự anh ấy	He blamed himself.	Anh ấy tự trách mình.
function-words	herself	pronoun	A2	chính cô ấy, tự cô ấy	She taught herself.	Cô ấy tự học.
function-words	itself	pronoun	B1	chính nó, tự nó	The cat washed itself.	Con mèo tự rửa mình.
function-words	ourselves	pronoun	B1	chính chúng tôi	We cooked it ourselves.	Chúng tôi tự nấu.
function-words	yourselves	pronoun	B1	chính các bạn	Please introduce yourselves.	Xin hãy tự giới thiệu.
function-words	themselves	pronoun	A2	chính họ, tự họ	They built it themselves.	Họ tự xây lấy.
function-words	someone	pronoun	A2	ai đó	Someone is at the door.	Có ai đó ở cửa.
function-words	somebody	pronoun	A2	ai đó	Somebody left a bag.	Có ai đó để quên một cái túi.
function-words	something	pronoun	A1	cái gì đó	I need something to drink.	Tôi cần cái gì đó để uống.
function-words	anyone	pronoun	A2	bất kỳ ai	Anyone can join.	Ai cũng có thể tham gia.
function-words	anybody	pronoun	A2	bất kỳ ai	Did anybody call?	Có ai gọi không?
function-words	anything	pronoun	A2	bất cứ thứ gì	I did not buy anything.	Tôi không mua gì cả.
function-words	everyone	pronoun	A2	mọi người	Everyone is welcome.	Mọi người đều được chào đón.
function-words	everybody	pronoun	A2	mọi người	Everybody laughed.	Mọi người đều cười.
function-words	everything	pronoun	A2	mọi thứ	Everything looks fine.	Mọi thứ trông đều ổn.
function-words	nobody	pronoun	A2	không ai	Nobody knew the answer.	Không ai biết câu trả lời.
function-words	nothing	pronoun	A2	không có gì	Nothing is wrong.	Không có gì sai cả.
function-words	none	pronoun	B1	không ai, không cái nào	None of the shops were open.	Không cửa hàng nào mở cửa.
function-words	who	pronoun	A1	ai	Who called you?	Ai đã gọi cho bạn?
function-words	whom	pronoun	B1	ai (tân ngữ)	Whom did you invite?	Bạn đã mời ai?
function-words	whoever	pronoun	B2	bất cứ ai	Whoever finishes first can leave.	Ai xong trước thì có thể về.
function-words	one	pronoun	A2	một cái	I lost my key and bought a new one.	Tôi mất chìa khóa và mua một cái mới.
function-words	what	pronoun	A1	cái gì, gì	What happened?	Chuyện gì đã xảy ra?
function-words	which	pronoun	A2	cái nào	Which do you prefer?	Bạn thích cái nào?
function-words	in	preposition	A1	ở trong, trong	The keys are in the drawer.	Chìa khóa ở trong ngăn kéo.
function-words	on	preposition	A1	ở trên, trên	The book is on the desk.	Cuốn sách ở trên bàn.
function-words	at	preposition	A1	ở, tại	Meet me at the station.	Gặp tôi ở nhà ga.
function-words	to	preposition	A1	đến, tới	We walked to school.	Chúng tôi đi bộ đến trường.
function-words	for	preposition	A1	cho, để	This gift is for you.	Món quà này dành cho bạn.
function-words	of	preposition	A1	của	The color of the sky changed.	Màu của bầu trời đã đổi.
function-words	with	preposition	A1	với, cùng	She came with her brother.	Cô ấy đến cùng anh trai.
function-words	from	preposition	A1	từ	This letter is from my aunt.	Lá thư này là của dì tôi.
function-words	by	preposition	A1	bởi, cạnh	The report was written by Lan.	Báo cáo do Lan viết.
function-words	about	preposition	A1	về	We talked about the trip.	Chúng tôi nói về chuyến đi.
function-words	before	preposition	A1	trước	Wash your hands before dinner.	Hãy rửa tay trước bữa tối.
function-words	after	preposition	A1	sau	Call me after class.	Gọi cho tôi sau giờ học.
function-words	during	preposition	A2	trong suốt	Please stay quiet during the movie.	Xin giữ yên lặng trong lúc xem phim.
function-words	without	preposition	A2	không có	He left without his coat.	Anh ấy đi mà không mang áo khoác.
function-words	within	preposition	B1	trong vòng	Please reply within two days.	Xin trả lời trong vòng hai ngày.
function-words	through	preposition	A2	xuyên qua	We drove through the tunnel.	Chúng tôi lái xe qua đường hầm.
function-words	across	preposition	A2	qua, bên kia	She walked across the street.	Cô ấy đi qua đường.
function-words	between	preposition	A2	ở giữa	The bank is between the cafe and the park.	Ngân hàng nằm giữa quán cà phê và công viên.
function-words	among	preposition	B1	trong số	The letter was among the papers.	Lá thư nằm trong đống giấy tờ.
function-words	into	preposition	A1	vào trong	She walked into the room.	Cô ấy bước vào phòng.
function-words	onto	preposition	A2	lên trên	The cat jumped onto the bed.	Con mèo nhảy lên giường.
function-words	over	preposition	A2	phía trên, qua	The plane flew over the city.	Máy bay bay qua thành phố.
function-words	under	preposition	A1	ở dưới	The shoes are under the bed.	Giày ở dưới gầm giường.
function-words	above	preposition	A2	bên trên	A lamp hangs above the table.	Một cái đèn treo phía trên bàn.
function-words	below	preposition	A2	bên dưới	The temperature is below zero.	Nhiệt độ dưới không độ.
function-words	near	preposition	A1	gần	We live near the river.	Chúng tôi sống gần sông.
function-words	behind	preposition	A1	phía sau	The garden is behind the house.	Khu vườn ở phía sau nhà.
function-words	beside	preposition	A2	bên cạnh	Sit beside me.	Hãy ngồi bên cạnh tôi.
function-words	against	preposition	A2	dựa vào, chống lại	The ladder leans against the wall.	Cái thang dựa vào tường.
function-words	toward	preposition	A2	về phía	She walked toward the exit.	Cô ấy đi về phía lối ra.
function-words	around	preposition	A2	xung quanh	They sat around the table.	Họ ngồi quanh bàn.
function-words	along	preposition	A2	dọc theo	We walked along the beach.	Chúng tôi đi dọc bãi biển.
function-words	past	preposition	A2	ngang qua	He walked past the library.	Anh ấy đi ngang qua thư viện.
function-words	off	preposition	A2	khỏi	The cup fell off the table.	Cái tách rơi khỏi bàn.
function-words	upon	preposition	B1	trên	The village sits upon a hill.	Ngôi làng nằm trên một ngọn đồi.
function-words	per	preposition	B1	mỗi	The room costs fifty dollars per night.	Phòng giá năm mươi đô mỗi đêm.
function-words	via	preposition	B1	qua	We flew to Hue via Da Nang.	Chúng tôi bay đến Huế qua Đà Nẵng.
function-words	despite	preposition	B1	mặc dù	We went out despite the rain.	Chúng tôi ra ngoài dù trời mưa.
function-words	except	preposition	B1	ngoại trừ	Everyone came except Minh.	Mọi người đều đến trừ Minh.
function-words	like	preposition	A1	như	She sings like a professional.	Cô ấy hát như người chuyên nghiệp.
function-words	unlike	preposition	B1	không giống	Unlike his brother, he is quiet.	Không giống anh trai, anh ấy trầm.
function-words	inside	preposition	A2	bên trong	The cat is inside the box.	Con mèo ở trong hộp.
function-words	outside	preposition	A2	bên ngoài	Wait outside the office.	Hãy đợi bên ngoài văn phòng.
function-words	throughout	preposition	B1	suốt, khắp	Rain fell throughout the night.	Mưa rơi suốt đêm.
function-words	beyond	preposition	B1	bên kia, vượt quá	The farm is beyond those hills.	Nông trại ở phía bên kia những ngọn đồi.
function-words	beneath	preposition	B1	bên dưới	Sand lay beneath the snow.	Cát nằm bên dưới tuyết.
function-words	including	preposition	B1	bao gồm	The price is ten dollars, including tax.	Giá mười đô, đã gồm thuế.
function-words	regarding	preposition	B2	về, liên quan đến	I have a question regarding the bill.	Tôi có câu hỏi về hóa đơn.
function-words	besides	preposition	B1	ngoài ra	Besides English, she speaks Japanese.	Ngoài tiếng Anh, cô ấy còn nói tiếng Nhật.
function-words	until	preposition	A2	cho đến	The shop is open until nine.	Cửa hàng mở cửa đến chín giờ.
function-words	since	preposition	A2	từ khi	I have lived here since May.	Tôi sống ở đây từ tháng Năm.
function-words	opposite	preposition	B1	đối diện	The bank is opposite the post office.	Ngân hàng đối diện bưu điện.
function-words	underneath	preposition	B1	bên dưới	The letter was underneath the book.	Lá thư nằm bên dưới cuốn sách.
function-words	amid	preposition	B2	giữa	They stayed calm amid the noise.	Họ giữ bình tĩnh giữa tiếng ồn.
function-words	following	preposition	B2	sau	Following the meeting, we sent a summary.	Sau cuộc họp, chúng tôi đã gửi một bản tóm tắt.
function-words	concerning	preposition	B2	về	She wrote concerning the delay.	Cô ấy đã viết về sự chậm trễ.
function-words	plus	preposition	B1	cộng thêm	The meal costs eight dollars plus tax.	Bữa ăn giá tám đô cộng thêm thuế.
function-words	aboard	preposition	B2	trên	All passengers are aboard the train.	Mọi hành khách đã lên tàu.
function-words	alongside	preposition	B2	dọc theo, sát bên	The path runs alongside the canal.	Con đường chạy dọc theo kênh.
function-words	and	conjunction	A1	và	She bought bread and milk.	Cô ấy mua bánh mì và sữa.
function-words	but	conjunction	A1	nhưng	The bag is old but useful.	Cái túi cũ nhưng hữu ích.
function-words	or	conjunction	A1	hoặc	Would you like tea or coffee?	Bạn dùng trà hay cà phê?
function-words	because	conjunction	A1	vì	I stayed home because I was sick.	Tôi ở nhà vì tôi bị ốm.
function-words	if	conjunction	A1	nếu	If it rains, stay home.	Nếu trời mưa thì ở nhà.
function-words	when	conjunction	A1	khi	Call me when you arrive.	Gọi cho tôi khi bạn đến.
function-words	although	conjunction	B1	mặc dù	Although it was late, we continued.	Mặc dù đã muộn, chúng tôi vẫn tiếp tục.
function-words	though	conjunction	B1	dù	I went out, though I was tired.	Tôi vẫn ra ngoài dù tôi mệt.
function-words	while	conjunction	A2	trong khi	She read while he cooked.	Cô ấy đọc sách trong khi anh ấy nấu ăn.
function-words	whereas	conjunction	B2	trong khi đó	He likes tea, whereas she likes coffee.	Anh ấy thích trà, còn cô ấy thích cà phê.
function-words	whether	conjunction	B1	liệu	I do not know whether he will come.	Tôi không biết liệu anh ấy có đến không.
function-words	unless	conjunction	B1	trừ khi	We will walk unless it rains.	Chúng tôi sẽ đi bộ trừ khi trời mưa.
function-words	so	conjunction	A2	vì vậy, nên	It was late, so we left.	Trễ rồi nên chúng tôi về.
function-words	nor	conjunction	B1	cũng không	He does not drink, nor does he smoke.	Anh ấy không uống rượu, cũng không hút thuốc.
function-words	than	conjunction	A2	hơn	She is taller than her brother.	Cô ấy cao hơn anh trai.
function-words	as	conjunction	A2	khi, vì	As it was late, we left.	Vì đã muộn nên chúng tôi về.
function-words	once	conjunction	B1	một khi	Once you finish, you can leave.	Một khi bạn xong thì bạn có thể về.
function-words	whenever	conjunction	B1	bất cứ khi nào	Come whenever you can.	Hãy đến bất cứ khi nào bạn có thể.
function-words	wherever	conjunction	B2	bất cứ nơi nào	Sit wherever you like.	Ngồi bất cứ chỗ nào bạn thích.
function-words	provided	conjunction	B2	miễn là	You may go, provided you call first.	Bạn có thể đi, miễn là gọi trước.
function-words	where	adverb	A1	ở đâu	Where do you live?	Bạn sống ở đâu?
function-words	how	adverb	A1	như thế nào, bao nhiêu	How old is she?	Cô ấy bao nhiêu tuổi?
function-words	not	adverb	A1	không	She is not here.	Cô ấy không ở đây.
function-words	else	adverb	A2	khác, nữa	Would you like anything else?	Bạn có muốn gì khác không?
function-words	why	adverb	A1	tại sao	Why are you late?	Tại sao bạn trễ?
feelings-opinions	happy	adjective	A1	vui, hạnh phúc	The children are happy.	Bọn trẻ rất vui.
feelings-opinions	sad	adjective	A1	buồn	She looks sad.	Cô ấy trông buồn.
feelings-opinions	angry	adjective	A1	tức giận	He is angry.	Anh ấy tức giận.
feelings-opinions	afraid	adjective	A1	sợ	I am afraid of dogs.	Tôi sợ chó.
feelings-opinions	tired	adjective	A1	mệt	I am tired.	Tôi mệt.
feelings-opinions	bored	adjective	A1	chán	The students are bored.	Học sinh chán.
feelings-opinions	glad	adjective	A1	mừng	I am glad you came.	Tôi mừng vì bạn đã đến.
feelings-opinions	sorry	adjective	A1	tiếc, xin lỗi	I am sorry about the noise.	Tôi xin lỗi về tiếng ồn.
feelings-opinions	scared	adjective	A1	sợ hãi	The child is scared.	Đứa trẻ sợ hãi.
feelings-opinions	worried	adjective	A1	lo lắng	She is worried about the exam.	Cô ấy lo về kỳ thi.
feelings-opinions	excited	adjective	A2	phấn khích	The kids are excited.	Bọn trẻ phấn khích.
feelings-opinions	nervous	adjective	A2	hồi hộp	He is nervous before the test.	Anh ấy hồi hộp trước bài kiểm tra.
feelings-opinions	surprised	adjective	A2	ngạc nhiên	I was surprised.	Tôi ngạc nhiên.
feelings-opinions	proud	adjective	A2	tự hào	They are proud of their son.	Họ tự hào về con trai.
feelings-opinions	lonely	adjective	A2	cô đơn	He feels lonely.	Anh ấy cảm thấy cô đơn.
feelings-opinions	calm	adjective	A2	bình tĩnh	Please stay calm.	Xin hãy giữ bình tĩnh.
feelings-opinions	upset	adjective	A2	buồn bực	She is upset.	Cô ấy buồn bực.
feelings-opinions	pleased	adjective	A2	hài lòng	I am pleased with the result.	Tôi hài lòng với kết quả.
feelings-opinions	interested	adjective	A2	quan tâm	She is interested in art.	Cô ấy quan tâm đến nghệ thuật.
feelings-opinions	confused	adjective	A2	bối rối	I am confused.	Tôi bối rối.
feelings-opinions	jealous	adjective	A2	ghen	He is jealous of her success.	Anh ấy ghen với thành công của cô ấy.
feelings-opinions	embarrassed	adjective	A2	ngượng	I felt embarrassed.	Tôi cảm thấy ngượng.
feelings-opinions	disappointed	adjective	A2	thất vọng	We were disappointed.	Chúng tôi thất vọng.
feelings-opinions	relaxed	adjective	A2	thư thái	She looks relaxed.	Cô ấy trông thư thái.
feelings-opinions	stressed	adjective	A2	căng thẳng	He is stressed at work.	Anh ấy căng thẳng ở chỗ làm.
feelings-opinions	grateful	adjective	A2	biết ơn	I am grateful for your help.	Tôi biết ơn sự giúp đỡ của bạn.
feelings-opinions	curious	adjective	A2	tò mò	The child is curious.	Đứa trẻ tò mò.
feelings-opinions	mad	adjective	A2	tức giận	He is mad about the delay.	Anh ấy tức vì sự chậm trễ.
feelings-opinions	cheerful	adjective	A2	vui vẻ	He is cheerful in the morning.	Buổi sáng anh ấy rất vui vẻ.
feelings-opinions	guilty	adjective	A2	có lỗi	He felt guilty.	Anh ấy cảm thấy có lỗi.
feelings-opinions	anxious	adjective	B1	lo âu	She felt anxious.	Cô ấy cảm thấy lo âu.
feelings-opinions	frightened	adjective	B1	hoảng sợ	They were frightened.	Họ hoảng sợ.
feelings-opinions	shocked	adjective	B1	sốc	We were shocked.	Chúng tôi bị sốc.
feelings-opinions	ashamed	adjective	B1	xấu hổ	She felt ashamed.	Cô ấy cảm thấy xấu hổ.
feelings-opinions	frustrated	adjective	B1	bực bội	He felt frustrated.	Anh ấy cảm thấy bực bội.
feelings-opinions	annoyed	adjective	B1	khó chịu	She looked annoyed.	Cô ấy có vẻ khó chịu.
feelings-opinions	hopeful	adjective	B1	đầy hy vọng	The team is hopeful.	Đội vẫn đầy hy vọng.
feelings-opinions	hopeless	adjective	B1	vô vọng	The situation felt hopeless.	Tình hình có vẻ vô vọng.
feelings-opinions	satisfied	adjective	B1	hài lòng	The customers are satisfied.	Khách hàng hài lòng.
feelings-opinions	relieved	adjective	B1	nhẹ nhõm	I am relieved.	Tôi thấy nhẹ nhõm.
feelings-opinions	enthusiastic	adjective	B1	nhiệt tình	He is enthusiastic about music.	Anh ấy nhiệt tình với âm nhạc.
feelings-opinions	eager	adjective	B1	háo hức	The students are eager to start.	Học sinh háo hức muốn bắt đầu.
feelings-opinions	confident	adjective	B1	tự tin	She feels confident.	Cô ấy cảm thấy tự tin.
feelings-opinions	certain	adjective	B1	chắc chắn	I am certain about the time.	Tôi chắc chắn về giờ giấc.
feelings-opinions	concerned	adjective	B1	lo ngại	The parents are concerned.	Các bậc cha mẹ lo ngại.
feelings-opinions	hurt	adjective	B1	tổn thương	She feels hurt.	Cô ấy cảm thấy tổn thương.
feelings-opinions	impatient	adjective	B1	thiếu kiên nhẫn	The driver was impatient.	Tài xế thiếu kiên nhẫn.
feelings-opinions	thankful	adjective	B1	biết ơn	We are thankful for the good news.	Chúng tôi biết ơn vì tin tốt.
feelings-opinions	content	adjective	B1	bằng lòng	She is content with the result.	Cô ấy bằng lòng với kết quả.
feelings-opinions	sympathetic	adjective	B1	thông cảm	She was sympathetic.	Cô ấy tỏ ra thông cảm.
feelings-opinions	furious	adjective	B2	điên tiết	Dad was furious.	Bố điên tiết.
feelings-opinions	delighted	adjective	B2	vui mừng	I am delighted to meet you.	Tôi rất vui được gặp bạn.
feelings-opinions	thrilled	adjective	B2	vô cùng phấn khích	She is thrilled about the trip.	Cô ấy vô cùng phấn khích về chuyến đi.
feelings-opinions	miserable	adjective	B2	khổ sở	He felt miserable.	Anh ấy cảm thấy khổ sở.
feelings-opinions	depressed	adjective	B2	chán nản	She felt depressed.	Cô ấy cảm thấy chán nản.
feelings-opinions	joyful	adjective	B2	tràn đầy niềm vui	The wedding was joyful.	Đám cưới tràn ngập niềm vui.
feelings-opinions	uneasy	adjective	B2	bồn chồn	I felt uneasy.	Tôi cảm thấy bồn chồn.
feelings-opinions	terrified	adjective	B2	khiếp sợ	I am terrified of heights.	Tôi khiếp sợ độ cao.
feelings-opinions	amazed	adjective	B2	kinh ngạc	I was amazed by the view.	Tôi kinh ngạc trước cảnh đó.
feelings-opinions	astonished	adjective	B2	sửng sốt	They were astonished.	Họ sửng sốt.
feelings-opinions	puzzled	adjective	B2	khó hiểu, bối rối	He looked puzzled.	Anh ấy có vẻ bối rối.
feelings-opinions	overwhelmed	adjective	B2	choáng ngợp	I felt overwhelmed.	Tôi cảm thấy choáng ngợp.
feelings-opinions	homesick	adjective	B2	nhớ nhà	She is homesick.	Cô ấy nhớ nhà.
feelings-opinions	heartbroken	adjective	B2	đau lòng	He was heartbroken.	Anh ấy đau lòng.
feelings-opinions	optimistic	adjective	B2	lạc quan	She is optimistic.	Cô ấy lạc quan.
feelings-opinions	pessimistic	adjective	B2	bi quan	Do not be so pessimistic.	Đừng bi quan như vậy.
feelings-opinions	moody	adjective	B2	thất thường	He can be moody.	Anh ấy có lúc vui lúc buồn.
feelings-opinions	sensitive	adjective	B2	nhạy cảm	She is sensitive to noise.	Cô ấy nhạy cảm với tiếng ồn.
feelings-opinions	emotional	adjective	B2	dễ xúc động	He became emotional.	Anh ấy xúc động.
feelings-opinions	passionate	adjective	B2	đầy đam mê	She is passionate about teaching.	Cô ấy đam mê việc dạy học.
feelings-opinions	indifferent	adjective	B2	thờ ơ	He seemed indifferent.	Anh ấy có vẻ thờ ơ.
feelings-opinions	desperate	adjective	B2	tuyệt vọng	They were desperate for water.	Họ tuyệt vọng vì thiếu nước.
feelings-opinions	tense	adjective	B2	căng thẳng	Everyone felt tense.	Mọi người đều thấy căng thẳng.
feelings-opinions	weary	adjective	B2	mệt mỏi	She looked weary.	Cô ấy trông mệt mỏi.
feelings-opinions	unsure	adjective	B2	không chắc	I am unsure about the date.	Tôi không chắc về ngày.
feelings-opinions	doubtful	adjective	B2	hoài nghi	I am doubtful about the plan.	Tôi hoài nghi về kế hoạch.
feelings-opinions	suspicious	adjective	B2	nghi ngờ	She felt suspicious.	Cô ấy cảm thấy nghi ngờ.
feelings-opinions	bitter	adjective	B2	cay đắng	He is bitter about the loss.	Anh ấy cay đắng về sự mất mát.
feelings-opinions	nostalgic	adjective	B2	hoài niệm	The old song made me nostalgic.	Bài hát cũ khiến tôi hoài niệm.
feelings-opinions	hope	verb	A2	hy vọng	I hope the bus comes soon.	Tôi hy vọng xe buýt sắp đến.
feelings-opinions	believe	verb	A2	tin	I believe her story.	Tôi tin câu chuyện của cô ấy.
feelings-opinions	doubt	verb	B1	nghi ngờ	I doubt the rumor.	Tôi nghi ngờ tin đồn.
feelings-opinions	feel	verb	A1	cảm thấy	I feel cold.	Tôi thấy lạnh.
feelings-opinions	love	verb	A1	yêu, thích	I love this city.	Tôi yêu thành phố này.
feelings-opinions	hate	verb	A2	ghét	I hate long delays.	Tôi ghét sự chậm trễ kéo dài.
feelings-opinions	like	verb	A1	thích	I like green tea.	Tôi thích trà xanh.
feelings-opinions	dislike	verb	A2	không thích	I dislike loud music.	Tôi không thích nhạc ồn.
feelings-opinions	prefer	verb	A2	thích hơn	I prefer rice.	Tôi thích cơm hơn.
feelings-opinions	enjoy	verb	A2	thích thú	We enjoy walking by the river.	Chúng tôi thích đi bộ ven sông.
feelings-opinions	fear	verb	B1	sợ	Some children fear the dark.	Một số trẻ sợ bóng tối.
feelings-opinions	worry	verb	A2	lo lắng	Do not worry about the test.	Đừng lo về bài kiểm tra.
feelings-opinions	regret	verb	B1	hối tiếc	I regret my rude words.	Tôi hối tiếc những lời thô lỗ.
feelings-opinions	miss	verb	A1	nhớ	I miss my family.	Tôi nhớ gia đình.
feelings-opinions	wish	verb	A2	ước, chúc	I wish you a safe trip.	Tôi chúc bạn một chuyến đi bình an.
feelings-opinions	trust	verb	B1	tin tưởng	I trust my doctor.	Tôi tin bác sĩ của tôi.
feelings-opinions	admire	verb	B1	ngưỡng mộ	I admire her courage.	Tôi ngưỡng mộ lòng can đảm của cô ấy.
feelings-opinions	appreciate	verb	B1	trân trọng	I appreciate your help.	Tôi trân trọng sự giúp đỡ của bạn.
feelings-opinions	respect	verb	B1	tôn trọng	We respect the rules.	Chúng tôi tôn trọng quy định.
feelings-opinions	suspect	verb	B1	ngờ	I suspect he is late.	Tôi ngờ rằng anh ấy bị trễ.
feelings-opinions	suppose	verb	B1	cho là	I suppose we can wait.	Tôi cho là chúng ta có thể đợi.
feelings-opinions	assume	verb	B1	cho rằng	Do not assume the shop is open.	Đừng cho rằng cửa hàng đang mở.
feelings-opinions	consider	verb	B1	xem xét, cân nhắc	Please consider my idea.	Xin hãy xem xét ý của tôi.
feelings-opinions	think	verb	A1	nghĩ	I think the plan is good.	Tôi nghĩ kế hoạch này tốt.
feelings-opinions	agree	verb	A2	đồng ý	I agree with you.	Tôi đồng ý với bạn.
feelings-opinions	disagree	verb	B1	không đồng ý	I disagree with that point.	Tôi không đồng ý với điểm đó.
feelings-opinions	mind	verb	A2	phiền, ngại	I do not mind the rain.	Tôi không ngại trời mưa.
feelings-opinions	care	verb	A2	quan tâm	I care about my students.	Tôi quan tâm đến học sinh của mình.
feelings-opinions	suffer	verb	B1	chịu đựng, bị	Some people suffer from headaches.	Một số người bị đau đầu.
feelings-opinions	cry	verb	A1	khóc	Please do not cry.	Xin đừng khóc.
feelings-opinions	smile	verb	A1	mỉm cười	Please smile for the photo.	Hãy mỉm cười để chụp ảnh.
feelings-opinions	laugh	verb	A1	cười	They laugh at the joke.	Họ cười vì câu đùa.
feelings-opinions	complain	verb	A2	phàn nàn	They complain about the noise.	Họ phàn nàn về tiếng ồn.
feelings-opinions	praise	verb	B1	khen	Teachers should praise good work.	Giáo viên nên khen việc làm tốt.
feelings-opinions	blame	verb	B1	đổ lỗi	Do not blame the child.	Đừng đổ lỗi cho đứa trẻ.
feelings-opinions	forgive	verb	B1	tha thứ	Please forgive my mistake.	Xin hãy tha thứ cho lỗi của tôi.
feelings-opinions	apologize	verb	B1	xin lỗi	I apologize for the delay.	Tôi xin lỗi vì sự chậm trễ.
feelings-opinions	argue	verb	B1	cãi nhau, tranh luận	They often argue about the price.	Họ hay cãi nhau về giá.
feelings-opinions	want	verb	A1	muốn	I want a quiet room.	Tôi muốn một phòng yên tĩnh.
feelings-opinions	desire	verb	B2	mong muốn	We desire a fair result.	Chúng tôi mong một kết quả công bằng.
feelings-opinions	envy	verb	B2	ghen tị	I do not envy his job.	Tôi không ghen tị với công việc của anh ấy.
feelings-opinions	pity	verb	B2	thương hại	I pity anyone out in that storm.	Tôi thương những ai đang ở ngoài cơn bão đó.
feelings-opinions	adore	verb	B1	rất yêu	The kids adore their grandmother.	Bọn trẻ rất yêu bà.
feelings-opinions	despise	verb	B2	khinh ghét	I despise cruelty.	Tôi khinh ghét sự độc ác.
feelings-opinions	resent	verb	B2	bực tức, oán	I resent the unfair rule.	Tôi bực vì quy định không công bằng.
feelings-opinions	tolerate	verb	B2	chịu đựng	I cannot tolerate the smell.	Tôi không chịu được mùi đó.
feelings-opinions	wonder	verb	A2	tự hỏi	I wonder where she is.	Tôi tự hỏi cô ấy đang ở đâu.
feelings-opinions	realize	verb	B1	nhận ra	I realize the risk.	Tôi nhận ra rủi ro.
feelings-opinions	accept	verb	B1	chấp nhận	Please accept this gift.	Xin hãy nhận món quà này.
feelings-opinions	refuse	verb	B1	từ chối	He may refuse the offer.	Anh ấy có thể từ chối lời đề nghị.
feelings-opinions	deny	verb	B1	phủ nhận	Do not deny the truth.	Đừng phủ nhận sự thật.
feelings-opinions	admit	verb	B1	thừa nhận	You should admit the mistake.	Bạn nên thừa nhận lỗi.
feelings-opinions	insist	verb	B1	khăng khăng	They insist on paying.	Họ khăng khăng đòi trả tiền.
feelings-opinions	suggest	verb	B1	đề nghị	I suggest a short break.	Tôi đề nghị nghỉ một chút.
feelings-opinions	recommend	verb	B1	giới thiệu, khuyên	I recommend this hotel.	Tôi giới thiệu khách sạn này.
feelings-opinions	happiness	noun	A2	hạnh phúc	Money does not buy happiness.	Tiền không mua được hạnh phúc.
feelings-opinions	sadness	noun	A2	nỗi buồn	Sadness filled the room.	Nỗi buồn bao trùm căn phòng.
feelings-opinions	anger	noun	A2	sự tức giận	He spoke with anger.	Anh ấy nói trong cơn tức giận.
feelings-opinions	fear	noun	A2	nỗi sợ	Fear kept them quiet.	Nỗi sợ khiến họ im lặng.
feelings-opinions	worry	noun	A2	nỗi lo	Worry kept her awake.	Nỗi lo khiến cô ấy không ngủ được.
feelings-opinions	joy	noun	A2	niềm vui	The letter brought joy.	Lá thư mang lại niềm vui.
feelings-opinions	love	noun	A1	tình yêu	Love takes time.	Tình yêu cần có thời gian.
feelings-opinions	hate	noun	B1	sự căm ghét	Hate helps nobody.	Sự căm ghét không giúp ai cả.
feelings-opinions	hope	noun	A2	hy vọng	There is still hope.	Vẫn còn hy vọng.
feelings-opinions	doubt	noun	B1	sự nghi ngờ	There is some doubt.	Có đôi chút nghi ngờ.
feelings-opinions	opinion	noun	A2	ý kiến	That is my opinion.	Đó là ý kiến của tôi.
feelings-opinions	belief	noun	B1	niềm tin	His belief is strong.	Niềm tin của anh ấy rất mạnh.
feelings-opinions	feeling	noun	A1	cảm giác	It is only a feeling.	Đó chỉ là một cảm giác.
feelings-opinions	emotion	noun	B1	cảm xúc	The speech showed emotion.	Bài nói thể hiện cảm xúc.
feelings-opinions	surprise	noun	A2	sự ngạc nhiên	The gift was a surprise.	Món quà là một sự bất ngờ.
feelings-opinions	shock	noun	B1	cú sốc	The news was a shock.	Tin đó là một cú sốc.
feelings-opinions	pride	noun	B1	niềm tự hào	She spoke with pride.	Cô ấy nói đầy tự hào.
feelings-opinions	shame	noun	B1	sự xấu hổ	He felt a sense of shame.	Anh ấy cảm thấy xấu hổ.
feelings-opinions	guilt	noun	B1	cảm giác tội lỗi	Guilt kept him quiet.	Mặc cảm tội lỗi khiến anh ấy im lặng.
feelings-opinions	jealousy	noun	B2	sự ghen tuông	Jealousy can hurt a friendship.	Sự ghen tuông có thể làm tổn thương tình bạn.
feelings-opinions	loneliness	noun	B1	nỗi cô đơn	Loneliness is hard.	Nỗi cô đơn thật khó chịu.
feelings-opinions	excitement	noun	B1	sự phấn khích	Excitement filled the stadium.	Sự phấn khích tràn ngập sân vận động.
feelings-opinions	anxiety	noun	B1	sự lo âu	Anxiety kept him awake.	Sự lo âu khiến anh ấy mất ngủ.
feelings-opinions	stress	noun	B1	căng thẳng	Work can cause stress.	Công việc có thể gây căng thẳng.
feelings-opinions	relief	noun	B1	sự nhẹ nhõm	We felt relief after the exam.	Chúng tôi thấy nhẹ nhõm sau kỳ thi.
feelings-opinions	pleasure	noun	B1	niềm thích thú	It is a pleasure to meet you.	Rất vui được gặp bạn.
feelings-opinions	pain	noun	A2	nỗi đau	The pain is gone.	Cơn đau đã hết.
feelings-opinions	delight	noun	B2	niềm vui sướng	The children shouted with delight.	Bọn trẻ reo lên vì vui sướng.
feelings-opinions	disappointment	noun	B1	sự thất vọng	The result was a disappointment.	Kết quả thật đáng thất vọng.
feelings-opinions	frustration	noun	B2	sự bực bội	Frustration showed on his face.	Sự bực bội hiện trên mặt anh ấy.
feelings-opinions	confusion	noun	B1	sự bối rối	There was confusion at the gate.	Có sự bối rối ở cổng.
feelings-opinions	interest	noun	A2	sự quan tâm	She has an interest in history.	Cô ấy quan tâm đến lịch sử.
feelings-opinions	curiosity	noun	B1	sự tò mò	Curiosity led her to ask.	Sự tò mò khiến cô ấy hỏi.
feelings-opinions	sympathy	noun	B2	sự đồng cảm	He showed sympathy.	Anh ấy tỏ ra đồng cảm.
feelings-opinions	enthusiasm	noun	B2	nhiệt huyết	She spoke with enthusiasm.	Cô ấy nói đầy nhiệt huyết.
feelings-opinions	confidence	noun	B1	sự tự tin	Practice builds confidence.	Luyện tập tạo sự tự tin.
feelings-opinions	mood	noun	A2	tâm trạng	She is in a good mood.	Cô ấy đang có tâm trạng tốt.
feelings-opinions	attitude	noun	B1	thái độ	His attitude is positive.	Thái độ của anh ấy tích cực.
feelings-opinions	view	noun	B1	quan điểm	What is your view?	Quan điểm của bạn là gì?
feelings-opinions	impression	noun	B1	ấn tượng	She made a good impression.	Cô ấy tạo ấn tượng tốt.
feelings-opinions	concern	noun	B1	mối bận tâm	Safety is our main concern.	An toàn là mối quan tâm chính của chúng tôi.
feelings-opinions	desire	noun	B2	khao khát	He has a desire to travel.	Anh ấy khao khát được đi du lịch.
feelings-opinions	wish	noun	A2	điều ước	Her wish came true.	Điều ước của cô ấy thành hiện thực.
feelings-opinions	dream	noun	A2	ước mơ	Her dream is to teach.	Ước mơ của cô ấy là được dạy học.
feelings-opinions	passion	noun	B2	đam mê	Music is her passion.	Âm nhạc là đam mê của cô ấy.
feelings-opinions	grief	noun	B2	nỗi đau thương	They shared their grief.	Họ chia sẻ nỗi đau thương.
feelings-opinions	sorrow	noun	B2	nỗi buồn đau	The letter expressed sorrow.	Lá thư bày tỏ nỗi buồn.
feelings-opinions	regret	noun	B1	sự hối tiếc	He left with regret.	Anh ấy ra đi với sự hối tiếc.
feelings-opinions	envy	noun	B2	sự ghen tị	Envy can spoil a friendship.	Sự ghen tị có thể làm hỏng tình bạn.
feelings-opinions	pity	noun	B2	lòng thương	She looked at him with pity.	Cô ấy nhìn anh ấy với lòng thương.
feelings-opinions	gratitude	noun	B2	lòng biết ơn	She expressed gratitude.	Cô ấy bày tỏ lòng biết ơn.
feelings-opinions	satisfaction	noun	B2	sự hài lòng	He smiled with satisfaction.	Anh ấy mỉm cười đầy hài lòng.
feelings-opinions	boredom	noun	B2	sự chán	Boredom set in after an hour.	Sau một tiếng thì cảm giác chán xuất hiện.
feelings-opinions	panic	noun	B2	sự hoảng loạn	Panic spread through the crowd.	Sự hoảng loạn lan trong đám đông.
feelings-opinions	terror	noun	B2	nỗi khiếp sợ	The child cried in terror.	Đứa trẻ khóc vì khiếp sợ.
feelings-opinions	apology	noun	B1	lời xin lỗi	Please accept my apology.	Xin hãy nhận lời xin lỗi của tôi.
feelings-opinions	courage	noun	B1	lòng can đảm	She showed great courage.	Cô ấy thể hiện lòng can đảm lớn.
feelings-opinions	patience	noun	B1	sự kiên nhẫn	This job takes patience.	Công việc này cần sự kiên nhẫn.
feelings-opinions	humor	noun	B1	óc hài hước	He has a kind humor.	Anh ấy có óc hài hước dễ mến.
feelings-opinions	trust	noun	B1	sự tin tưởng	Trust takes time.	Sự tin tưởng cần có thời gian.
feelings-opinions	admiration	noun	B2	sự ngưỡng mộ	I watched with admiration.	Tôi nhìn với sự ngưỡng mộ.
feelings-opinions	complaint	noun	B1	lời phàn nàn	We sent a complaint.	Chúng tôi gửi một lời phàn nàn.
feelings-opinions	argument	noun	B1	cuộc tranh cãi	They had an argument.	Họ có một cuộc tranh cãi.
feelings-opinions	smile	noun	A1	nụ cười	She gave a warm smile.	Cô ấy nở một nụ cười ấm áp.
feelings-opinions	laugh	noun	A1	tiếng cười	I heard a loud laugh.	Tôi nghe một tiếng cười lớn.
