common-verbs	answer	verb	A1	trả lời	Please answer the question.	Hãy trả lời câu hỏi.
common-verbs	arrive	verb	A1	đến nơi	The bus arrives at eight.	Xe buýt đến lúc tám giờ.
common-verbs	ask	verb	A1	hỏi	Ask the teacher for help.	Hãy hỏi giáo viên giúp đỡ.
common-verbs	be	verb	A1	là; thì; ở	I am a student.	Tôi là học sinh.
common-verbs	begin	verb	A1	bắt đầu	The movie begins at seven.	Bộ phim bắt đầu lúc bảy giờ.
common-verbs	bring	verb	A1	mang đến	Bring a bottle of water.	Hãy mang theo một chai nước.
common-verbs	buy	verb	A1	mua	I buy fruit at the market.	Tôi mua trái cây ở chợ.
common-verbs	call	verb	A1	gọi	Call me when you arrive.	Hãy gọi cho tôi khi bạn đến.
common-verbs	carry	verb	A1	mang; vác	He carries a heavy box.	Anh ấy mang một chiếc hộp nặng.
common-verbs	clean	verb	A1	dọn; lau	I clean my room on Saturday.	Tôi dọn phòng vào thứ bảy.
common-verbs	close	verb	A1	đóng	Close the door, please.	Làm ơn đóng cửa lại.
common-verbs	come	verb	A1	đến	Please come in and sit down.	Xin hãy vào và ngồi xuống.
common-verbs	cook	verb	A1	nấu	Dad cooks dinner on Friday.	Bố nấu bữa tối vào thứ sáu.
common-verbs	count	verb	A1	đếm	Count from one to ten.	Hãy đếm từ một đến mười.
common-verbs	cry	verb	A1	khóc	The baby cries at night.	Em bé khóc vào ban đêm.
common-verbs	cut	verb	A1	cắt	Cut the paper with scissors.	Hãy cắt giấy bằng kéo.
common-verbs	dance	verb	A1	nhảy	We dance at the party.	Chúng tôi nhảy trong bữa tiệc.
common-verbs	do	verb	A1	làm	I do my homework after school.	Tôi làm bài tập sau giờ học.
common-verbs	draw	verb	A1	vẽ	He draws a picture of a cat.	Anh ấy vẽ một bức tranh con mèo.
common-verbs	drink	verb	A1	uống	He drinks tea every morning.	Anh ấy uống trà mỗi sáng.
common-verbs	drive	verb	A1	lái xe	He drives to work.	Anh ấy lái xe đi làm.
common-verbs	eat	verb	A1	ăn	We eat rice for dinner.	Chúng tôi ăn cơm vào bữa tối.
common-verbs	feel	verb	A1	cảm thấy	I feel happy today.	Hôm nay tôi cảm thấy vui.
common-verbs	find	verb	A1	tìm thấy	I cannot find my keys.	Tôi không tìm thấy chìa khóa.
common-verbs	finish	verb	A1	làm xong	I finish work at five.	Tôi tan làm lúc năm giờ.
common-verbs	follow	verb	A1	đi theo	Follow me, please.	Làm ơn đi theo tôi.
common-verbs	forget	verb	A1	quên	I forget his phone number.	Tôi quên số điện thoại của anh ấy.
common-verbs	get	verb	A1	nhận được	I get a letter from my aunt.	Tôi nhận được thư của dì.
common-verbs	give	verb	A1	đưa; cho	Please give me the book.	Làm ơn đưa tôi quyển sách.
common-verbs	go	verb	A1	đi	We go to school by bus.	Chúng tôi đi học bằng xe buýt.
common-verbs	have	verb	A1	có	She has two brothers.	Cô ấy có hai anh em trai.
common-verbs	hear	verb	A1	nghe thấy	I hear music next door.	Tôi nghe thấy nhạc ở phòng bên.
common-verbs	help	verb	A1	giúp	Can you help me?	Bạn giúp tôi được không?
common-verbs	hold	verb	A1	cầm	Hold my hand.	Hãy nắm tay tôi.
common-verbs	hope	verb	A1	hy vọng	I hope you feel better soon.	Tôi hy vọng bạn sớm khỏe hơn.
common-verbs	keep	verb	A1	giữ	Keep the ticket until you leave.	Hãy giữ vé cho đến khi bạn rời đi.
common-verbs	know	verb	A1	biết	I know the answer.	Tôi biết câu trả lời.
common-verbs	laugh	verb	A1	cười	They laugh at the joke.	Họ cười vì câu đùa.
common-verbs	learn	verb	A1	học	I learn English at school.	Tôi học tiếng Anh ở trường.
common-verbs	leave	verb	A1	rời đi	We leave home at seven.	Chúng tôi rời nhà lúc bảy giờ.
common-verbs	let	verb	A1	để cho	Let me help you.	Hãy để tôi giúp bạn.
common-verbs	like	verb	A1	thích	Children like ice cream.	Trẻ em thích kem.
common-verbs	listen	verb	A1	lắng nghe	Listen to the teacher.	Hãy lắng nghe giáo viên.
common-verbs	live	verb	A1	sống	They live in a small town.	Họ sống ở một thị trấn nhỏ.
common-verbs	look	verb	A1	nhìn	Look at the board.	Hãy nhìn lên bảng.
common-verbs	love	verb	A1	yêu	I love my family.	Tôi yêu gia đình mình.
common-verbs	make	verb	A1	làm; tạo	Mom makes breakfast for us.	Mẹ làm bữa sáng cho chúng tôi.
common-verbs	meet	verb	A1	gặp	We meet at the station.	Chúng tôi gặp nhau ở ga.
common-verbs	move	verb	A1	di chuyển	Please move your chair.	Làm ơn dịch ghế của bạn.
common-verbs	need	verb	A1	cần	I need a new notebook.	Tôi cần một quyển vở mới.
common-verbs	open	verb	A1	mở	Open the window, please.	Làm ơn mở cửa sổ.
common-verbs	pay	verb	A1	trả tiền	I pay for the tickets.	Tôi trả tiền vé.
common-verbs	play	verb	A1	chơi	The children play soccer.	Bọn trẻ chơi bóng đá.
common-verbs	put	verb	A1	đặt	Put the books on the desk.	Hãy đặt sách lên bàn.
common-verbs	rain	verb	A1	mưa	It rains a lot in July.	Tháng bảy trời mưa nhiều.
common-verbs	read	verb	A1	đọc	I read a book before bed.	Tôi đọc sách trước khi ngủ.
common-verbs	remember	verb	A1	nhớ	Remember to lock the door.	Hãy nhớ khóa cửa.
common-verbs	return	verb	A1	trả lại; trở về	Return the book on Monday.	Hãy trả sách vào thứ hai.
common-verbs	ride	verb	A1	đi xe	She rides a bike to school.	Cô ấy đi xe đạp đến trường.
common-verbs	run	verb	A1	chạy	She runs in the park.	Cô ấy chạy trong công viên.
common-verbs	say	verb	A1	nói	She says thank you.	Cô ấy nói lời cảm ơn.
common-verbs	see	verb	A1	nhìn thấy	I see a bird in the tree.	Tôi nhìn thấy một con chim trên cây.
common-verbs	sell	verb	A1	bán	They sell fresh bread here.	Họ bán bánh mì tươi ở đây.
common-verbs	send	verb	A1	gửi	Send me a message later.	Hãy gửi tôi tin nhắn sau.
common-verbs	shop	verb	A1	mua sắm	We shop for food on Saturday.	Chúng tôi đi chợ vào thứ bảy.
common-verbs	show	verb	A1	cho xem	Show me your photo.	Hãy cho tôi xem ảnh của bạn.
common-verbs	sing	verb	A1	hát	The children sing a song.	Bọn trẻ hát một bài.
common-verbs	sit	verb	A1	ngồi	Please sit down.	Xin mời ngồi.
common-verbs	sleep	verb	A1	ngủ	The baby sleeps all night.	Em bé ngủ suốt đêm.
common-verbs	smile	verb	A1	mỉm cười	She smiles at the baby.	Cô ấy mỉm cười với em bé.
common-verbs	speak	verb	A1	nói	She speaks English well.	Cô ấy nói tiếng Anh tốt.
common-verbs	stand	verb	A1	đứng	Please stand in line.	Xin hãy xếp hàng.
common-verbs	start	verb	A1	bắt đầu	The class starts at eight.	Lớp học bắt đầu lúc tám giờ.
common-verbs	stay	verb	A1	ở lại	Stay here for a minute.	Hãy ở lại đây một phút.
common-verbs	stop	verb	A1	dừng	Stop at the red light.	Hãy dừng lại khi đèn đỏ.
common-verbs	study	verb	A1	học bài	She studies in the library.	Cô ấy học bài trong thư viện.
common-verbs	swim	verb	A1	bơi	They swim in the lake.	Họ bơi ở hồ.
common-verbs	take	verb	A1	lấy; mang	Take an umbrella with you.	Hãy mang theo ô.
common-verbs	talk	verb	A1	nói chuyện	They talk in the kitchen.	Họ nói chuyện trong bếp.
common-verbs	teach	verb	A1	dạy	She teaches music at our school.	Cô ấy dạy nhạc ở trường chúng tôi.
common-verbs	tell	verb	A1	kể; bảo	Tell me your name.	Hãy nói cho tôi tên của bạn.
common-verbs	thank	verb	A1	cảm ơn	I thank her for the gift.	Tôi cảm ơn cô ấy vì món quà.
common-verbs	think	verb	A1	nghĩ	I think this movie is good.	Tôi nghĩ bộ phim này hay.
common-verbs	travel	verb	A1	đi du lịch	They travel by train.	Họ đi bằng tàu hỏa.
common-verbs	try	verb	A1	thử	Try this cake.	Hãy thử miếng bánh này.
common-verbs	turn	verb	A1	rẽ	Turn left at the corner.	Hãy rẽ trái ở góc phố.
common-verbs	understand	verb	A1	hiểu	I understand the question.	Tôi hiểu câu hỏi.
common-verbs	use	verb	A1	dùng	I use a pen to write.	Tôi dùng bút để viết.
common-verbs	visit	verb	A1	thăm	We visit our grandparents.	Chúng tôi đi thăm ông bà.
common-verbs	wait	verb	A1	chờ	Wait for me at the door.	Hãy đợi tôi ở cửa.
common-verbs	wake	verb	A1	thức dậy	I wake up at six.	Tôi thức dậy lúc sáu giờ.
common-verbs	walk	verb	A1	đi bộ	We walk to school.	Chúng tôi đi bộ đến trường.
common-verbs	want	verb	A1	muốn	I want a cup of tea.	Tôi muốn một tách trà.
common-verbs	wash	verb	A1	rửa	Wash your hands before dinner.	Hãy rửa tay trước bữa tối.
common-verbs	watch	verb	A1	xem	We watch a movie after dinner.	Chúng tôi xem phim sau bữa tối.
common-verbs	wear	verb	A1	mặc	She wears a red coat.	Cô ấy mặc một chiếc áo khoác đỏ.
common-verbs	welcome	verb	A1	chào đón	They welcome the new students.	Họ chào đón học sinh mới.
common-verbs	work	verb	A1	làm việc	My father works in an office.	Bố tôi làm việc ở văn phòng.
common-verbs	write	verb	A1	viết	Write your name here.	Hãy viết tên bạn vào đây.
common-verbs	accept	verb	A2	chấp nhận	I accept your apology.	Tôi chấp nhận lời xin lỗi của bạn.
common-verbs	achieve	verb	B2	đạt được	She achieves her goal.	Cô ấy đạt được mục tiêu.
common-verbs	add	verb	A2	thêm vào	Add sugar to the tea.	Hãy thêm đường vào trà.
common-verbs	admit	verb	B1	thừa nhận	He admits the mistake.	Anh ấy thừa nhận lỗi.
common-verbs	adopt	verb	B1	áp dụng	The school adopts a new rule.	Trường áp dụng một quy định mới.
common-verbs	advise	verb	B1	khuyên	I advise you to rest.	Tôi khuyên bạn nên nghỉ ngơi.
common-verbs	affect	verb	B1	ảnh hưởng	Noise affects my sleep.	Tiếng ồn ảnh hưởng đến giấc ngủ của tôi.
common-verbs	afford	verb	B1	có đủ tiền để	We cannot afford a new car.	Chúng tôi không đủ tiền mua xe mới.
common-verbs	agree	verb	A2	đồng ý	I agree with your idea.	Tôi đồng ý với ý của bạn.
common-verbs	aim	verb	B1	hướng tới	We aim to finish today.	Chúng tôi đặt mục tiêu hoàn thành hôm nay.
common-verbs	allow	verb	A2	cho phép	The museum allows photos.	Bảo tàng cho phép chụp ảnh.
common-verbs	analyze	verb	B1	phân tích	Analyze the results carefully.	Hãy phân tích kết quả cẩn thận.
common-verbs	announce	verb	B1	công bố	They announce the winner.	Họ công bố người chiến thắng.
common-verbs	apologize	verb	A2	xin lỗi	I apologize for the delay.	Tôi xin lỗi vì sự chậm trễ.
common-verbs	appear	verb	A2	xuất hiện	Stars appear at night.	Các ngôi sao xuất hiện vào ban đêm.
common-verbs	apply	verb	A2	nộp đơn	She applies for a new job.	Cô ấy nộp đơn xin việc mới.
common-verbs	appreciate	verb	B1	trân trọng	I appreciate your help.	Tôi trân trọng sự giúp đỡ của bạn.
common-verbs	approach	verb	B1	tiếp cận	Approach the problem step by step.	Hãy tiếp cận vấn đề từng bước.
common-verbs	approve	verb	B1	tán thành	The manager approves the plan.	Người quản lý tán thành kế hoạch.
common-verbs	argue	verb	A2	tranh cãi	They argue about the schedule.	Họ tranh cãi về lịch trình.
common-verbs	arise	verb	B2	nảy sinh	Problems arise when plans change.	Vấn đề nảy sinh khi kế hoạch thay đổi.
common-verbs	arrange	verb	A2	sắp xếp	Arrange the chairs in a circle.	Hãy xếp ghế thành vòng tròn.
common-verbs	assess	verb	B2	đánh giá	Teachers assess our writing.	Giáo viên đánh giá bài viết của chúng tôi.
common-verbs	assign	verb	B1	giao	The coach assigns each player a role.	Huấn luyện viên giao cho mỗi cầu thủ một vai trò.
common-verbs	assist	verb	B1	hỗ trợ	Nurses assist the doctors.	Y tá hỗ trợ các bác sĩ.
common-verbs	assume	verb	B2	giả định	Do not assume the answer is obvious.	Đừng giả định câu trả lời là hiển nhiên.
common-verbs	attach	verb	B1	đính kèm	Attach a photo to the message.	Hãy đính kèm một bức ảnh vào tin nhắn.
common-verbs	attempt	verb	B1	cố gắng	They attempt the climb again.	Họ cố gắng leo lại lần nữa.
common-verbs	attend	verb	A2	tham dự	I attend class every weekday.	Tôi tham dự lớp mỗi ngày trong tuần.
common-verbs	attract	verb	B1	thu hút	The sale attracts many shoppers.	Đợt giảm giá thu hút nhiều người mua.
common-verbs	avoid	verb	A2	tránh	Avoid the busy road.	Hãy tránh con đường đông đúc.
common-verbs	beat	verb	A2	đánh bại	Our team beats the visitors.	Đội chúng tôi đánh bại đội khách.
common-verbs	become	verb	A2	trở thành	He becomes a nurse.	Anh ấy trở thành y tá.
common-verbs	behave	verb	A2	cư xử	Please behave politely.	Hãy cư xử lịch sự.
common-verbs	believe	verb	A2	tin	I believe your story.	Tôi tin câu chuyện của bạn.
common-verbs	belong	verb	A2	thuộc về	This bag belongs to me.	Chiếc túi này thuộc về tôi.
common-verbs	blow	verb	A2	thổi	The wind blows the leaves.	Gió thổi những chiếc lá.
common-verbs	book	verb	A2	đặt chỗ	We book a table for four.	Chúng tôi đặt bàn cho bốn người.
common-verbs	borrow	verb	A2	mượn	May I borrow your pen?	Tôi mượn bút của bạn được không?
common-verbs	bother	verb	A2	làm phiền	Does the noise bother you?	Tiếng ồn có làm phiền bạn không?
common-verbs	break	verb	A2	làm vỡ	I break a glass by accident.	Tôi lỡ tay làm vỡ một cái ly.
common-verbs	build	verb	A2	xây	They build a new school.	Họ xây một ngôi trường mới.
common-verbs	calculate	verb	B1	tính toán	Calculate the total cost.	Hãy tính tổng chi phí.
common-verbs	cancel	verb	A2	hủy	They cancel the flight.	Họ hủy chuyến bay.
common-verbs	care	verb	A2	quan tâm	I care about my friends.	Tôi quan tâm đến bạn bè.
common-verbs	catch	verb	A2	bắt	Catch the ball with both hands.	Hãy bắt bóng bằng cả hai tay.
common-verbs	cause	verb	B1	gây ra	Ice causes accidents on this road.	Băng gây tai nạn trên con đường này.
common-verbs	celebrate	verb	A2	ăn mừng	We celebrate the new year.	Chúng tôi ăn mừng năm mới.
common-verbs	challenge	verb	B1	thách thức	The puzzle challenges the whole class.	Câu đố thách thức cả lớp.
common-verbs	change	verb	A2	thay đổi	We change trains in the city.	Chúng tôi đổi tàu trong thành phố.
common-verbs	check	verb	A2	kiểm tra	Check your answers.	Hãy kiểm tra câu trả lời.
common-verbs	choose	verb	A2	chọn	Choose the correct word.	Hãy chọn từ đúng.
common-verbs	claim	verb	B1	khẳng định	She claims the bag is hers.	Cô ấy khẳng định chiếc túi là của cô ấy.
common-verbs	combine	verb	B1	kết hợp	Combine the two ideas.	Hãy kết hợp hai ý tưởng.
common-verbs	communicate	verb	B1	giao tiếp	We communicate by phone.	Chúng tôi liên lạc bằng điện thoại.
common-verbs	compare	verb	A2	so sánh	Compare the two prices.	Hãy so sánh hai mức giá.
common-verbs	compete	verb	B1	thi đấu	They compete in the final.	Họ thi đấu ở trận chung kết.
common-verbs	complain	verb	A2	phàn nàn	Customers complain about the wait.	Khách hàng phàn nàn về việc phải chờ.
common-verbs	complete	verb	A2	hoàn thành	Please complete the form.	Hãy điền đầy đủ mẫu đơn.
common-verbs	concentrate	verb	B1	tập trung	Concentrate on your work.	Hãy tập trung vào công việc.
common-verbs	concern	verb	B1	làm lo ngại	The delay concerns everyone.	Sự chậm trễ làm mọi người lo.
common-verbs	confirm	verb	B1	xác nhận	Please confirm your booking.	Xin hãy xác nhận đặt chỗ của bạn.
common-verbs	confuse	verb	B1	làm rối	The instructions confuse me.	Phần hướng dẫn làm tôi rối.
common-verbs	connect	verb	A2	kết nối	Connect the cable to the printer.	Hãy nối dây cáp với máy in.
common-verbs	consider	verb	B1	xem xét	Consider both options.	Hãy xem xét cả hai lựa chọn.
common-verbs	contain	verb	B1	chứa	The box contains old letters.	Chiếc hộp chứa những lá thư cũ.
common-verbs	continue	verb	A2	tiếp tục	Please continue the story.	Xin hãy tiếp tục câu chuyện.
common-verbs	control	verb	B1	kiểm soát	Control your speed on this road.	Hãy kiểm soát tốc độ trên đường này.
common-verbs	convince	verb	B1	thuyết phục	She convinces him to stay.	Cô ấy thuyết phục anh ấy ở lại.
common-verbs	correct	verb	A2	sửa	The teacher corrects our tests.	Giáo viên sửa bài kiểm tra của chúng tôi.
common-verbs	cost	verb	A2	có giá	This shirt costs ten dollars.	Chiếc áo này giá mười đô la.
common-verbs	create	verb	A2	tạo ra	They create a new design.	Họ tạo ra một mẫu thiết kế mới.
common-verbs	damage	verb	B1	làm hư hại	The storm damages the roof.	Cơn bão làm hỏng mái nhà.
common-verbs	deal	verb	B1	xử lý	She deals with customer questions.	Cô ấy xử lý câu hỏi của khách hàng.
common-verbs	decide	verb	A2	quyết định	I decide to stay home.	Tôi quyết định ở nhà.
common-verbs	declare	verb	B1	tuyên bố	They declare the winner.	Họ tuyên bố người chiến thắng.
common-verbs	define	verb	B1	định nghĩa	Define the word in your own words.	Hãy định nghĩa từ này bằng lời của bạn.
common-verbs	delay	verb	B1	làm trì hoãn	Rain delays the flight.	Mưa làm chuyến bay bị trễ.
common-verbs	deliver	verb	A2	giao	They deliver the package today.	Họ giao gói hàng hôm nay.
common-verbs	demand	verb	B1	yêu cầu	Workers demand fair pay.	Công nhân yêu cầu mức lương công bằng.
common-verbs	demonstrate	verb	B1	minh họa	The teacher demonstrates the experiment.	Giáo viên minh họa thí nghiệm.
common-verbs	deny	verb	B1	phủ nhận	He denies the rumor.	Anh ấy phủ nhận tin đồn.
common-verbs	depend	verb	A2	phụ thuộc	The trip depends on the weather.	Chuyến đi phụ thuộc vào thời tiết.
common-verbs	describe	verb	A2	mô tả	Describe your hometown.	Hãy mô tả quê hương của bạn.
common-verbs	deserve	verb	B1	xứng đáng	She deserves a rest.	Cô ấy xứng đáng được nghỉ ngơi.
common-verbs	design	verb	A2	thiết kế	She designs clothes.	Cô ấy thiết kế quần áo.
common-verbs	destroy	verb	B1	phá hủy	The fire destroys the old barn.	Ngọn lửa phá hủy nhà kho cũ.
common-verbs	determine	verb	B1	xác định	The test determines your level.	Bài kiểm tra xác định trình độ của bạn.
common-verbs	develop	verb	A2	phát triển	The town develops quickly.	Thị trấn phát triển nhanh.
common-verbs	die	verb	A2	chết	Plants die without water.	Cây chết nếu không có nước.
common-verbs	dig	verb	A2	đào	They dig a hole for the tree.	Họ đào một cái hố để trồng cây.
common-verbs	disagree	verb	A2	không đồng ý	I disagree with that idea.	Tôi không đồng ý với ý đó.
common-verbs	disappear	verb	A2	biến mất	The sun disappears behind a cloud.	Mặt trời khuất sau một đám mây.
common-verbs	discover	verb	A2	khám phá	They discover a quiet beach.	Họ khám phá một bãi biển yên tĩnh.
common-verbs	discuss	verb	A2	thảo luận	We discuss the problem together.	Chúng tôi cùng thảo luận vấn đề.
common-verbs	dislike	verb	A2	không thích	I dislike loud music.	Tôi không thích nhạc ồn.
common-verbs	divide	verb	A2	chia	Divide the cake into eight pieces.	Hãy chia bánh thành tám miếng.
common-verbs	doubt	verb	B1	nghi ngờ	I doubt that story.	Tôi nghi ngờ câu chuyện đó.
common-verbs	drop	verb	A2	làm rơi	I drop my keys on the floor.	Tôi làm rơi chìa khóa xuống sàn.
common-verbs	earn	verb	A2	kiếm được	She earns money from her shop.	Cô ấy kiếm tiền từ cửa hàng của mình.
common-verbs	emphasize	verb	B1	nhấn mạnh	The teacher emphasizes the main point.	Giáo viên nhấn mạnh ý chính.
common-verbs	enable	verb	B1	tạo điều kiện	This tool enables a fast search.	Công cụ này giúp tìm kiếm nhanh hơn.
common-verbs	encourage	verb	B1	khuyến khích	Teachers encourage students to ask.	Giáo viên khuyến khích học sinh đặt câu hỏi.
common-verbs	end	verb	A2	kết thúc	The game ends at nine.	Trận đấu kết thúc lúc chín giờ.
common-verbs	enjoy	verb	A2	thích	We enjoy the concert.	Chúng tôi thích buổi hòa nhạc.
common-verbs	ensure	verb	B2	bảo đảm	Ensure the door is locked.	Hãy bảo đảm cửa đã khóa.
common-verbs	escape	verb	A2	trốn thoát	The bird escapes from the cage.	Con chim thoát khỏi lồng.
common-verbs	establish	verb	B2	thiết lập	They establish a new scholarship.	Họ thiết lập một học bổng mới.
common-verbs	estimate	verb	B1	ước tính	Estimate the cost before you buy.	Hãy ước tính chi phí trước khi mua.
common-verbs	evaluate	verb	B1	đánh giá	Evaluate each option.	Hãy đánh giá từng lựa chọn.
common-verbs	examine	verb	B1	xem xét	The doctor examines the patient.	Bác sĩ khám cho bệnh nhân.
common-verbs	exceed	verb	B2	vượt quá	Do not exceed the speed limit.	Đừng vượt quá tốc độ cho phép.
common-verbs	exercise	verb	A2	tập thể dục	I exercise three times a week.	Tôi tập thể dục ba lần một tuần.
common-verbs	exist	verb	B1	tồn tại	The problem still exists.	Vấn đề vẫn còn tồn tại.
common-verbs	expand	verb	B1	mở rộng	The shop expands next year.	Cửa hàng mở rộng vào năm sau.
common-verbs	expect	verb	A2	mong đợi	I expect an answer soon.	Tôi mong sớm có câu trả lời.
common-verbs	experience	verb	B1	trải nghiệm	Students experience life in the city.	Học sinh trải nghiệm cuộc sống ở thành phố.
common-verbs	experiment	verb	B1	thí nghiệm	We experiment with new colors.	Chúng tôi thử nghiệm những màu mới.
common-verbs	explain	verb	A2	giải thích	Can you explain this word?	Bạn giải thích từ này được không?
common-verbs	explore	verb	A2	khám phá	We explore the old town.	Chúng tôi khám phá phố cổ.
common-verbs	expose	verb	B2	phơi bày	The report exposes the error.	Bản báo cáo phơi bày lỗi sai.
common-verbs	express	verb	A2	bày tỏ	She expresses her opinion clearly.	Cô ấy bày tỏ ý kiến một cách rõ ràng.
common-verbs	extend	verb	B1	kéo dài	They extend the deadline.	Họ gia hạn thời hạn.
common-verbs	face	verb	B1	đối mặt	We face a difficult choice.	Chúng tôi đối mặt với một lựa chọn khó.
common-verbs	fail	verb	A2	trượt; thất bại	He fails the driving test.	Anh ấy trượt bài thi lái xe.
common-verbs	fall	verb	A2	ngã; rơi	Leaves fall in October.	Lá rơi vào tháng mười.
common-verbs	fear	verb	B1	sợ	Some children fear the dark.	Một số trẻ sợ bóng tối.
common-verbs	feed	verb	A2	cho ăn	I feed the cat every morning.	Tôi cho mèo ăn mỗi sáng.
common-verbs	fight	verb	A2	đánh nhau	The two boys fight over a toy.	Hai cậu bé giành nhau một món đồ chơi.
common-verbs	fill	verb	A2	đổ đầy	Fill the glass with water.	Hãy rót đầy ly nước.
common-verbs	fit	verb	A2	vừa	These shoes fit me well.	Đôi giày này vừa chân tôi.
common-verbs	fix	verb	A2	sửa	Can you fix my bike?	Bạn sửa xe đạp của tôi được không?
common-verbs	fly	verb	A2	bay	Birds fly south in winter.	Chim bay về phía nam vào mùa đông.
common-verbs	focus	verb	B1	tập trung	Focus on one task at a time.	Hãy tập trung vào một việc mỗi lần.
common-verbs	force	verb	B1	buộc	The storm forces us to stay inside.	Cơn bão buộc chúng tôi ở trong nhà.
common-verbs	forgive	verb	A2	tha thứ	Please forgive my mistake.	Xin hãy tha lỗi cho tôi.
common-verbs	form	verb	B1	hình thành	Ice forms on the window.	Băng đóng trên cửa sổ.
common-verbs	freeze	verb	A2	đóng băng	The lake freezes in January.	Hồ đóng băng vào tháng một.
common-verbs	fulfill	verb	B2	thực hiện	She fulfills her promise.	Cô ấy thực hiện lời hứa.
common-verbs	function	verb	B1	hoạt động	The elevator functions well.	Thang máy hoạt động tốt.
common-verbs	gain	verb	B1	có thêm	She gains confidence at work.	Cô ấy có thêm sự tự tin trong công việc.
common-verbs	gather	verb	A2	tụ tập	People gather in the square.	Mọi người tụ tập ở quảng trường.
common-verbs	generate	verb	B2	tạo ra	The panels generate electricity.	Các tấm pin tạo ra điện.
common-verbs	grow	verb	A2	lớn lên	Children grow quickly.	Trẻ em lớn rất nhanh.
common-verbs	guess	verb	A2	đoán	Guess the answer.	Hãy đoán câu trả lời.
common-verbs	guide	verb	B1	hướng dẫn	The map guides us to the museum.	Bản đồ hướng dẫn chúng tôi đến bảo tàng.
common-verbs	handle	verb	B1	xử lý	She handles customer calls.	Cô ấy xử lý cuộc gọi của khách.
common-verbs	hang	verb	A2	treo	Hang your coat here.	Hãy treo áo khoác ở đây.
common-verbs	happen	verb	A2	xảy ra	Accidents happen on this road.	Tai nạn xảy ra trên con đường này.
common-verbs	harm	verb	B1	gây hại	Smoking harms your health.	Hút thuốc hại sức khỏe.
common-verbs	hate	verb	A2	ghét	I hate cold weather.	Tôi ghét thời tiết lạnh.
common-verbs	hesitate	verb	B1	do dự	Do not hesitate to ask.	Đừng ngại hỏi.
common-verbs	hide	verb	A2	giấu	The child hides behind the door.	Đứa trẻ trốn sau cánh cửa.
common-verbs	hit	verb	A2	đập vào	The ball hits the window.	Quả bóng đập vào cửa sổ.
common-verbs	hurt	verb	A2	làm đau	My knee hurts today.	Hôm nay đầu gối tôi đau.
common-verbs	identify	verb	B1	xác định	Identify the main idea.	Hãy xác định ý chính.
common-verbs	ignore	verb	B1	bỏ qua	Ignore the noise and study.	Hãy bỏ qua tiếng ồn và học bài.
common-verbs	illustrate	verb	B1	minh họa	The chart illustrates the change.	Biểu đồ minh họa sự thay đổi.
common-verbs	imagine	verb	A2	tưởng tượng	Imagine a quiet beach.	Hãy tưởng tượng một bãi biển yên tĩnh.
common-verbs	imply	verb	B2	ngụ ý	His smile implies agreement.	Nụ cười của anh ấy ngụ ý sự đồng ý.
common-verbs	impress	verb	B1	gây ấn tượng	Her speech impresses the class.	Bài nói của cô ấy gây ấn tượng với lớp.
common-verbs	improve	verb	A2	cải thiện	Her English improves every month.	Tiếng Anh của cô ấy tiến bộ mỗi tháng.
common-verbs	include	verb	A2	bao gồm	The price includes tax.	Giá đã bao gồm thuế.
common-verbs	increase	verb	A2	tăng	Prices increase every year.	Giá tăng mỗi năm.
common-verbs	indicate	verb	B2	cho thấy	The results indicate a clear trend.	Kết quả cho thấy một xu hướng rõ.
common-verbs	influence	verb	B1	ảnh hưởng	Parents influence their children.	Cha mẹ ảnh hưởng đến con cái.
common-verbs	inform	verb	B1	báo cho biết	Inform the office if you are late.	Hãy báo văn phòng nếu bạn đến muộn.
common-verbs	insist	verb	B1	khăng khăng	She insists on paying.	Cô ấy khăng khăng đòi trả tiền.
common-verbs	intend	verb	B1	định	I intend to leave early.	Tôi định đi sớm.
common-verbs	interest	verb	B1	làm quan tâm	Science interests her.	Khoa học làm cô ấy quan tâm.
common-verbs	interpret	verb	B2	diễn giải	Interpret the graph in a few sentences.	Hãy diễn giải biểu đồ trong vài câu.
common-verbs	interrupt	verb	B1	ngắt lời	Please do not interrupt the speaker.	Xin đừng ngắt lời người đang nói.
common-verbs	introduce	verb	A2	giới thiệu	Let me introduce my friend.	Để tôi giới thiệu bạn tôi.
common-verbs	investigate	verb	B1	điều tra	Police investigate the accident.	Cảnh sát điều tra vụ tai nạn.
common-verbs	invite	verb	A2	mời	They invite us to dinner.	Họ mời chúng tôi ăn tối.
common-verbs	involve	verb	B1	bao gồm	The job involves some travel.	Công việc này bao gồm một phần đi lại.
common-verbs	join	verb	A2	tham gia	Join our study group.	Hãy tham gia nhóm học của chúng tôi.
common-verbs	judge	verb	B1	đánh giá	Do not judge people too quickly.	Đừng đánh giá người khác quá vội.
common-verbs	justify	verb	B2	biện minh	Can you justify that decision?	Bạn biện minh cho quyết định đó được không?
common-verbs	lack	verb	B1	thiếu	The plan lacks detail.	Kế hoạch thiếu chi tiết.
common-verbs	last	verb	A2	kéo dài	The movie lasts two hours.	Bộ phim kéo dài hai giờ.
common-verbs	lay	verb	A2	đặt nằm	Lay the map on the table.	Hãy trải bản đồ lên bàn.
common-verbs	lead	verb	A2	dẫn dắt	She leads the team.	Cô ấy dẫn dắt đội.
common-verbs	lend	verb	A2	cho mượn	Can you lend me a dollar?	Bạn cho tôi mượn một đô la được không?
common-verbs	lie	verb	A2	nằm; nói dối	Lie down and rest for a minute.	Hãy nằm xuống và nghỉ một phút.
common-verbs	light	verb	A2	thắp	Light the candle.	Hãy thắp nến.
common-verbs	limit	verb	B1	giới hạn	Limit sugar in your meals.	Hãy hạn chế đường trong bữa ăn.
common-verbs	link	verb	B1	liên kết	The bridge links the two towns.	Cây cầu nối hai thị trấn.
common-verbs	locate	verb	B1	tìm vị trí	Locate the station on the map.	Hãy tìm nhà ga trên bản đồ.
common-verbs	lose	verb	A2	làm mất	I lose my keys again.	Tôi lại làm mất chìa khóa.
common-verbs	maintain	verb	B2	duy trì	Maintain a regular sleep schedule.	Hãy duy trì giờ ngủ đều đặn.
common-verbs	manage	verb	A2	xoay xở	I manage to finish on time.	Tôi xoay xở để hoàn thành đúng giờ.
common-verbs	matter	verb	A2	có ý nghĩa	Your opinion matters to me.	Ý kiến của bạn quan trọng với tôi.
common-verbs	mean	verb	A2	có nghĩa là	What does this word mean?	Từ này nghĩa là gì?
common-verbs	mention	verb	A2	đề cập	She mentions your name.	Cô ấy nhắc đến tên bạn.
common-verbs	mind	verb	A2	phiền	Do you mind if I sit here?	Bạn có phiền nếu tôi ngồi đây không?
common-verbs	miss	verb	A2	lỡ	I miss the bus this morning.	Sáng nay tôi lỡ xe buýt.
common-verbs	neglect	verb	B2	bỏ bê	Do not neglect your health.	Đừng bỏ bê sức khỏe.
common-verbs	note	verb	B1	ghi chú	Note the date on the form.	Hãy ghi ngày vào mẫu đơn.
common-verbs	notice	verb	A2	nhận thấy	I notice a mistake in the text.	Tôi nhận thấy một lỗi trong bài.
common-verbs	observe	verb	B1	quan sát	Observe the birds quietly.	Hãy quan sát chim một cách yên lặng.
common-verbs	obtain	verb	B2	có được	Students obtain a certificate at the end.	Học viên nhận được chứng chỉ khi kết thúc.
common-verbs	occur	verb	B1	xảy ra	The accident occurs at night.	Tai nạn xảy ra vào ban đêm.
common-verbs	offer	verb	A2	đề nghị	They offer free coffee.	Họ đề nghị cà phê miễn phí.
common-verbs	oppose	verb	B2	phản đối	Many residents oppose the new road.	Nhiều cư dân phản đối con đường mới.
common-verbs	order	verb	A2	gọi món	We order soup and bread.	Chúng tôi gọi súp và bánh mì.
common-verbs	organize	verb	B1	tổ chức	They organize a school fair.	Họ tổ chức hội chợ của trường.
common-verbs	overcome	verb	B2	vượt qua	She overcomes her fear of speaking.	Cô ấy vượt qua nỗi sợ nói trước đám đông.
common-verbs	overlook	verb	B2	bỏ sót	Do not overlook the last question.	Đừng bỏ sót câu hỏi cuối.
common-verbs	own	verb	A2	sở hữu	They own a small house.	Họ sở hữu một ngôi nhà nhỏ.
common-verbs	park	verb	A2	đỗ xe	Park the car near the shop.	Hãy đỗ xe gần cửa hàng.
common-verbs	participate	verb	B1	tham gia	Students participate in the discussion.	Học sinh tham gia thảo luận.
common-verbs	pass	verb	A2	đậu	She passes the exam.	Cô ấy đậu kỳ thi.
common-verbs	perform	verb	B1	biểu diễn	The band performs tonight.	Ban nhạc biểu diễn tối nay.
common-verbs	persuade	verb	B1	thuyết phục	I persuade him to join us.	Tôi thuyết phục anh ấy đi cùng.
common-verbs	pick	verb	A2	chọn	Pick a ripe mango.	Hãy chọn một quả xoài chín.
common-verbs	plan	verb	A2	lên kế hoạch	We plan a trip to Da Nang.	Chúng tôi lên kế hoạch đi Đà Nẵng.
common-verbs	point	verb	A2	chỉ	Point to the correct picture.	Hãy chỉ vào bức tranh đúng.
common-verbs	practice	verb	A2	luyện tập	I practice the piano every day.	Tôi luyện đàn mỗi ngày.
common-verbs	predict	verb	B1	dự đoán	Experts predict heavy rain.	Các chuyên gia dự đoán mưa lớn.
common-verbs	prefer	verb	A2	thích hơn	I prefer tea to coffee.	Tôi thích trà hơn cà phê.
common-verbs	prepare	verb	A2	chuẩn bị	Prepare your bag tonight.	Hãy chuẩn bị túi từ tối nay.
common-verbs	present	verb	B1	trình bày	She presents her project to the class.	Cô ấy trình bày dự án trước lớp.
common-verbs	preserve	verb	B2	bảo tồn	They preserve the old bridge.	Họ bảo tồn cây cầu cũ.
common-verbs	prevent	verb	B1	ngăn chặn	Seat belts prevent injuries.	Dây an toàn ngăn chấn thương.
common-verbs	process	verb	B1	xử lý	The office processes the forms.	Văn phòng xử lý các mẫu đơn.
common-verbs	produce	verb	B1	sản xuất	The farm produces fresh eggs.	Trang trại sản xuất trứng tươi.
common-verbs	progress	verb	B1	tiến bộ	Her skills progress quickly.	Kỹ năng của cô ấy tiến bộ nhanh.
common-verbs	promise	verb	A2	hứa	I promise to call you.	Tôi hứa sẽ gọi cho bạn.
common-verbs	propose	verb	B1	đề xuất	I propose a short break.	Tôi đề xuất nghỉ giải lao ngắn.
common-verbs	protect	verb	A2	bảo vệ	A hat protects you from the sun.	Mũ bảo vệ bạn khỏi nắng.
common-verbs	prove	verb	B1	chứng minh	The photo proves the date.	Bức ảnh chứng minh ngày tháng.
common-verbs	provide	verb	A2	cung cấp	The hotel provides breakfast.	Khách sạn cung cấp bữa sáng.
common-verbs	pull	verb	A2	kéo	Pull the door to open it.	Hãy kéo cửa để mở.
common-verbs	purchase	verb	B1	mua	We purchase the tickets online.	Chúng tôi mua vé trên mạng.
common-verbs	pursue	verb	B2	theo đuổi	She pursues a career in science.	Cô ấy theo đuổi ngành khoa học.
common-verbs	push	verb	A2	đẩy	Push the cart to the car.	Hãy đẩy xe đến chỗ ô tô.
common-verbs	raise	verb	A2	giơ lên	Raise your hand to speak.	Hãy giơ tay để phát biểu.
common-verbs	reach	verb	A2	đến	We reach the station at noon.	Chúng tôi đến ga vào buổi trưa.
common-verbs	realize	verb	A2	nhận ra	I realize I am late.	Tôi nhận ra mình bị muộn.
common-verbs	receive	verb	A2	nhận được	I receive a package today.	Hôm nay tôi nhận được một gói hàng.
common-verbs	recognize	verb	A2	nhận ra	I recognize her voice.	Tôi nhận ra giọng cô ấy.
common-verbs	recommend	verb	A2	giới thiệu	I recommend this restaurant.	Tôi giới thiệu nhà hàng này.
common-verbs	record	verb	A2	ghi lại	Record the lecture on your phone.	Hãy ghi bài giảng bằng điện thoại.
common-verbs	reduce	verb	B2	giảm	Reduce the amount of salt.	Hãy giảm lượng muối.
common-verbs	refer	verb	B1	nhắc đến	The article refers to a recent study.	Bài báo nhắc đến một nghiên cứu gần đây.
common-verbs	reflect	verb	B1	phản ánh	The essay reflects her own view.	Bài luận phản ánh quan điểm của cô ấy.
common-verbs	refuse	verb	A2	từ chối	He refuses the offer.	Anh ấy từ chối lời đề nghị.
common-verbs	regard	verb	B2	coi là	I regard him as a friend.	Tôi coi anh ấy là bạn.
common-verbs	register	verb	B1	đăng ký	Register for the class online.	Hãy đăng ký lớp trên mạng.
common-verbs	reject	verb	B1	bác bỏ	They reject the offer.	Họ từ chối lời đề nghị.
common-verbs	relate	verb	B1	liên hệ	Relate the story to your own life.	Hãy liên hệ câu chuyện với đời bạn.
common-verbs	relax	verb	A2	thư giãn	Relax and take a deep breath.	Hãy thư giãn và hít một hơi thật sâu.
common-verbs	rely	verb	B1	trông cậy	I rely on the bus every day.	Mỗi ngày tôi trông cậy vào xe buýt.
common-verbs	remain	verb	B1	còn lại	Two questions remain.	Còn lại hai câu hỏi.
common-verbs	remind	verb	A2	nhắc	Remind me to buy milk.	Hãy nhắc tôi mua sữa.
common-verbs	remove	verb	A2	cởi; lấy ra	Remove your shoes at the door.	Hãy cởi giày ở cửa.
common-verbs	rent	verb	A2	thuê	We rent a car for the weekend.	Chúng tôi thuê xe cuối tuần.
common-verbs	repair	verb	A2	sửa chữa	He repairs old bikes.	Anh ấy sửa xe đạp cũ.
common-verbs	repeat	verb	A2	nhắc lại	Repeat the sentence after me.	Hãy nhắc lại câu theo tôi.
common-verbs	replace	verb	A2	thay thế	Replace the old battery.	Hãy thay pin cũ.
common-verbs	reply	verb	A2	hồi âm	Reply to the message today.	Hãy trả lời tin nhắn hôm nay.
common-verbs	report	verb	A2	báo	Report the broken light to the office.	Hãy báo đèn hỏng cho văn phòng.
common-verbs	represent	verb	B1	đại diện	She represents the school.	Cô ấy đại diện cho trường.
common-verbs	request	verb	B1	yêu cầu	I request a seat by the window.	Tôi yêu cầu một chỗ cạnh cửa sổ.
common-verbs	require	verb	B1	đòi hỏi	The job requires some experience.	Công việc này đòi hỏi một ít kinh nghiệm.
common-verbs	research	verb	B1	nghiên cứu	Scientists research the disease.	Các nhà khoa học nghiên cứu căn bệnh.
common-verbs	resolve	verb	B2	giải quyết	They resolve the argument calmly.	Họ giải quyết cuộc tranh cãi một cách bình tĩnh.
common-verbs	respect	verb	B1	tôn trọng	Respect other people and their time.	Hãy tôn trọng người khác và thời gian của họ.
common-verbs	respond	verb	B1	đáp lại	Respond to the question in a full sentence.	Hãy trả lời câu hỏi bằng một câu hoàn chỉnh.
common-verbs	rest	verb	A2	nghỉ	Rest for a few minutes.	Hãy nghỉ vài phút.
common-verbs	restrict	verb	B2	hạn chế	The rule restricts parking here.	Quy định hạn chế đỗ xe ở đây.
common-verbs	result	verb	B1	dẫn đến	The delay results in a higher cost.	Sự chậm trễ làm chi phí tăng.
common-verbs	review	verb	B1	xem lại	Review your notes before the test.	Hãy xem lại ghi chú trước bài kiểm tra.
common-verbs	ring	verb	A2	reo	The phone rings during dinner.	Điện thoại reo trong bữa tối.
common-verbs	rise	verb	A2	tăng; mọc	The sun rises in the east.	Mặt trời mọc ở phía đông.
common-verbs	risk	verb	B1	liều	Do not risk your health.	Đừng liều với sức khỏe của bạn.
common-verbs	satisfy	verb	B1	làm hài lòng	The answer satisfies the teacher.	Câu trả lời làm giáo viên hài lòng.
common-verbs	save	verb	A2	tiết kiệm	Save a little money each month.	Hãy tiết kiệm một ít tiền mỗi tháng.
common-verbs	schedule	verb	B1	sắp lịch	Schedule the meeting for Monday.	Hãy xếp cuộc họp vào thứ hai.
common-verbs	search	verb	A2	tìm	Search the room for your keys.	Hãy tìm chìa khóa trong phòng.
common-verbs	seek	verb	B1	tìm kiếm	They seek a peaceful solution.	Họ tìm một giải pháp êm đẹp.
common-verbs	seem	verb	A2	có vẻ	You seem tired today.	Hôm nay bạn có vẻ mệt.
common-verbs	select	verb	B1	chọn	Select the best answer.	Hãy chọn câu trả lời đúng nhất.
common-verbs	separate	verb	B1	tách	Separate the glass from the plastic.	Hãy tách thủy tinh khỏi nhựa.
common-verbs	serve	verb	A2	phục vụ	They serve lunch until two.	Họ phục vụ bữa trưa đến hai giờ.
common-verbs	set	verb	A2	đặt	Set the alarm for six.	Hãy đặt báo thức lúc sáu giờ.
common-verbs	shake	verb	A2	lắc	Shake the bottle well.	Hãy lắc đều chai.
common-verbs	share	verb	A2	chia sẻ	Share the snacks with your friends.	Hãy chia đồ ăn với bạn bè.
common-verbs	shut	verb	A2	đóng	Shut the window before you leave.	Hãy đóng cửa sổ trước khi đi.
common-verbs	sign	verb	A2	ký	Sign your name at the bottom.	Hãy ký tên ở phía dưới.
common-verbs	solve	verb	A2	giải quyết	We solve the puzzle together.	Chúng tôi cùng giải câu đố.
common-verbs	sound	verb	A2	nghe có vẻ	That sounds like a good plan.	Nghe có vẻ là một kế hoạch hay.
common-verbs	spend	verb	A2	dành	I spend an hour on homework.	Tôi dành một giờ cho bài tập.
common-verbs	spread	verb	B1	lan truyền	The news spreads quickly.	Tin tức lan truyền rất nhanh.
common-verbs	state	verb	B1	nêu	State your full name clearly.	Hãy nêu rõ họ tên của bạn.
common-verbs	steal	verb	A2	ăn cắp	Someone steals the bike.	Có người lấy trộm chiếc xe đạp.
common-verbs	stick	verb	A2	dán	Stick the stamp on the envelope.	Hãy dán tem lên phong bì.
common-verbs	struggle	verb	B1	vật lộn	He struggles with the heavy door.	Anh ấy vật lộn với cánh cửa nặng.
common-verbs	submit	verb	B1	nộp	Submit the form by Friday.	Hãy nộp mẫu đơn trước thứ sáu.
common-verbs	suffer	verb	B1	chịu đựng	The plants suffer in the heat.	Cây cối chịu đựng cái nóng.
common-verbs	suggest	verb	A2	gợi ý	I suggest a short walk.	Tôi gợi ý đi bộ một chút.
common-verbs	summarize	verb	B1	tóm tắt	Summarize the article in one paragraph.	Hãy tóm tắt bài báo trong một đoạn.
common-verbs	support	verb	A2	ủng hộ	We support the local team.	Chúng tôi ủng hộ đội địa phương.
common-verbs	suppose	verb	B1	cho rằng	I suppose she is busy.	Tôi cho rằng cô ấy đang bận.
common-verbs	survive	verb	B1	sống sót	The tree survives the storm.	Cây sống sót qua cơn bão.
common-verbs	tear	verb	A2	xé	Tear the paper along the line.	Hãy xé giấy theo đường kẻ.
common-verbs	tend	verb	B1	có xu hướng	Prices tend to rise in summer.	Giá có xu hướng tăng vào mùa hè.
common-verbs	test	verb	A2	thử	Test the battery before the trip.	Hãy thử pin trước chuyến đi.
common-verbs	throw	verb	A2	ném	Throw the ball to me.	Hãy ném bóng cho tôi.
common-verbs	touch	verb	A2	chạm	Do not touch the wet paint.	Đừng chạm vào lớp sơn còn ướt.
common-verbs	transform	verb	B2	biến đổi	Practice transforms a weak skill.	Luyện tập biến đổi một kỹ năng còn yếu.
common-verbs	trust	verb	A2	tin tưởng	I trust my doctor.	Tôi tin bác sĩ của mình.
common-verbs	value	verb	B1	coi trọng	I value your advice.	Tôi coi trọng lời khuyên của bạn.
common-verbs	vary	verb	B1	thay đổi	Prices vary by season.	Giá thay đổi theo mùa.
common-verbs	vote	verb	B1	bỏ phiếu	Citizens vote in the election.	Công dân bỏ phiếu trong cuộc bầu cử.
common-verbs	win	verb	A2	thắng	Our team wins the game.	Đội chúng tôi thắng trận.
common-verbs	wish	verb	A2	chúc; ước	I wish you good luck.	Tôi chúc bạn may mắn.
common-verbs	wonder	verb	A2	tự hỏi	I wonder where she is.	Tôi tự hỏi cô ấy đang ở đâu.
common-verbs	worry	verb	A2	lo lắng	Do not worry about the test.	Đừng lo về bài kiểm tra.
academic-abstract	idea	noun	A2	ý tưởng	The idea is simple.	Ý tưởng này thì đơn giản.
academic-abstract	reason	noun	A2	lý do	Give me one good reason.	Hãy cho tôi một lý do chính đáng.
academic-abstract	result	noun	B1	kết quả	The result of the test is good.	Kết quả bài kiểm tra thì tốt.
academic-abstract	process	noun	B1	quá trình	The process takes about an hour.	Quá trình này mất khoảng một giờ.
academic-abstract	method	noun	B1	phương pháp	This method is easy to follow.	Phương pháp này thì dễ làm theo.
academic-abstract	theory	noun	B1	lý thuyết	The theory explains the result.	Lý thuyết giải thích kết quả.
academic-abstract	evidence	noun	B1	bằng chứng	The photo is clear evidence.	Bức ảnh là bằng chứng rõ ràng.
academic-abstract	advantage	noun	B1	lợi thế	The low price is an advantage.	Giá thấp là một lợi thế.
academic-abstract	disadvantage	noun	B1	bất lợi	The long trip is a disadvantage.	Chuyến đi dài là một bất lợi.
academic-abstract	effect	noun	B1	tác động	The effect of sleep is easy to see.	Tác động của giấc ngủ thì dễ thấy.
academic-abstract	cause	noun	B1	nguyên nhân	The cause of the delay is rain.	Nguyên nhân của sự chậm trễ là mưa.
academic-abstract	factor	noun	B1	yếu tố	Price is an important factor.	Giá là một yếu tố quan trọng.
academic-abstract	issue	noun	B1	vấn đề	Cost is the main issue.	Chi phí là vấn đề chính.
academic-abstract	solution	noun	B1	giải pháp	We need a better solution.	Chúng ta cần một giải pháp tốt hơn.
academic-abstract	opportunity	noun	B1	cơ hội	This job is a good opportunity.	Công việc này là một cơ hội tốt.
academic-abstract	risk	noun	B1	rủi ro	There is a risk of rain.	Có rủi ro trời mưa.
academic-abstract	benefit	noun	B1	lợi ích	Exercise has a clear benefit.	Tập thể dục có lợi ích rõ rệt.
academic-abstract	structure	noun	B1	cấu trúc	The structure of the essay is clear.	Cấu trúc của bài luận thì rõ.
academic-abstract	function	noun	B1	chức năng	The function of the heart is to pump blood.	Chức năng của tim là bơm máu.
academic-abstract	value	noun	B1	giá trị	The value of practice is high.	Giá trị của việc luyện tập thì lớn.
academic-abstract	principle	noun	B1	nguyên tắc	Fairness is an important principle.	Công bằng là một nguyên tắc quan trọng.
academic-abstract	context	noun	B2	bối cảnh; ngữ cảnh	Use the word in a clear context.	Hãy dùng từ này trong một ngữ cảnh rõ.
academic-abstract	problem	noun	A2	vấn đề	The problem is easy to explain.	Vấn đề này thì dễ giải thích.
academic-abstract	example	noun	A2	ví dụ	This example helps me understand.	Ví dụ này giúp tôi hiểu.
academic-abstract	difference	noun	A2	sự khác biệt	There is a difference in price.	Có sự khác biệt về giá.
academic-abstract	fact	noun	A2	sự thật	That number is a fact.	Con số đó là sự thật.
academic-abstract	purpose	noun	A2	mục đích	The purpose of the trip is rest.	Mục đích của chuyến đi là nghỉ ngơi.
academic-abstract	topic	noun	A2	chủ đề	The topic of the talk is health.	Chủ đề của bài nói là sức khỏe.
academic-abstract	truth	noun	A2	sự thật	Please tell me the truth.	Xin hãy nói sự thật cho tôi.
academic-abstract	choice	noun	A2	sự lựa chọn	You have a choice of two colors.	Bạn có hai màu để lựa chọn.
academic-abstract	advice	noun	A2	lời khuyên	Thank you for the advice.	Cảm ơn bạn vì lời khuyên.
academic-abstract	suggestion	noun	A2	gợi ý	That is a good suggestion.	Đó là một gợi ý hay.
academic-abstract	decision	noun	A2	quyết định	The decision is final.	Quyết định này là quyết định cuối cùng.
academic-abstract	detail	noun	A2	chi tiết	Please add one more detail.	Xin hãy thêm một chi tiết nữa.
academic-abstract	effort	noun	A2	nỗ lực	She makes a real effort.	Cô ấy thực sự cố gắng.
academic-abstract	habit	noun	A2	thói quen	Walking is a healthy habit.	Đi bộ là một thói quen tốt.
academic-abstract	plan	noun	A2	kế hoạch	The plan is ready.	Kế hoạch đã sẵn sàng.
academic-abstract	future	noun	A2	tương lai	She thinks about the future.	Cô ấy nghĩ về tương lai.
academic-abstract	knowledge	noun	A2	kiến thức	Knowledge grows with reading.	Kiến thức tăng lên nhờ việc đọc.
academic-abstract	success	noun	A2	thành công	Success takes time and effort.	Thành công cần thời gian và nỗ lực.
academic-abstract	failure	noun	A2	thất bại	Failure can teach you a lesson.	Thất bại có thể dạy bạn một bài học.
academic-abstract	memory	noun	A2	trí nhớ	She has a good memory.	Cô ấy có trí nhớ tốt.
academic-abstract	style	noun	A2	phong cách	Her writing style is clear.	Văn phong của cô ấy thì rõ.
academic-abstract	level	noun	A2	mức	The level of noise is high.	Mức tiếng ồn thì cao.
academic-abstract	need	noun	A2	nhu cầu	Clean water is a basic need.	Nước sạch là một nhu cầu cơ bản.
academic-abstract	promise	noun	A2	lời hứa	She keeps her promise.	Cô ấy giữ lời hứa.
academic-abstract	point	noun	A2	ý	The main point is clear.	Ý chính thì rõ.
academic-abstract	matter	noun	A2	việc; vấn đề	This is a serious matter.	Đây là một việc nghiêm trọng.
academic-abstract	sense	noun	A2	lẽ; ý	That idea makes sense.	Ý đó thì hợp lý.
academic-abstract	type	noun	A2	loại	What type of book do you like?	Bạn thích loại sách nào?
academic-abstract	use	noun	A2	cách dùng	The use of this tool is simple.	Cách dùng dụng cụ này thì đơn giản.
academic-abstract	stage	noun	A2	giai đoạn	The first stage is planning.	Giai đoạn đầu là lập kế hoạch.
academic-abstract	system	noun	A2	hệ thống	The bus system is easy to use.	Hệ thống xe buýt thì dễ dùng.
academic-abstract	situation	noun	A2	tình huống	The situation is under control.	Tình huống đang được kiểm soát.
academic-abstract	routine	noun	A2	thói quen hằng ngày	Exercise is part of her routine.	Tập thể dục là một phần thói quen hằng ngày của cô ấy.
academic-abstract	safety	noun	A2	sự an toàn	Safety comes first on the road.	Trên đường, an toàn là trên hết.
academic-abstract	instruction	noun	A2	hướng dẫn	Read the instruction before you start.	Hãy đọc hướng dẫn trước khi bắt đầu.
academic-abstract	permission	noun	A2	sự cho phép	You need permission to leave early.	Bạn cần được phép nếu muốn về sớm.
academic-abstract	chapter	noun	A2	chương	Please read chapter three.	Hãy đọc chương ba.
academic-abstract	learning	noun	A2	việc học	Learning a language takes time.	Học một ngôn ngữ cần có thời gian.
academic-abstract	concept	noun	B1	khái niệm	The concept is new to the class.	Khái niệm này thì mới với cả lớp.
academic-abstract	analysis	noun	B1	sự phân tích	The analysis of the data is careful.	Việc phân tích dữ liệu thì cẩn thận.
academic-abstract	approach	noun	B1	cách tiếp cận	Her approach to the problem is calm.	Cách cô ấy tiếp cận vấn đề thì điềm tĩnh.
academic-abstract	aspect	noun	B1	khía cạnh	Cost is one aspect of the plan.	Chi phí là một khía cạnh của kế hoạch.
academic-abstract	conclusion	noun	B1	kết luận	The conclusion comes at the end.	Phần kết luận nằm ở cuối.
academic-abstract	consequence	noun	B1	hệ quả	Every choice has a consequence.	Mọi lựa chọn đều có hệ quả.
academic-abstract	definition	noun	B1	định nghĩa	Write a short definition.	Hãy viết một định nghĩa ngắn.
academic-abstract	explanation	noun	B1	lời giải thích	Your explanation is easy to follow.	Lời giải thích của bạn thì dễ theo dõi.
academic-abstract	impact	noun	B1	tác động	The new rule has a wide impact.	Quy định mới có tác động rộng.
academic-abstract	importance	noun	B1	tầm quan trọng	She understands the importance of rest.	Cô ấy hiểu tầm quan trọng của việc nghỉ ngơi.
academic-abstract	limitation	noun	B1	hạn chế	The study has one limitation.	Nghiên cứu này có một hạn chế.
academic-abstract	relationship	noun	B1	mối quan hệ	The relationship between the two ideas is clear.	Mối quan hệ giữa hai ý thì rõ.
academic-abstract	strategy	noun	B1	chiến lược	The strategy saves time.	Chiến lược này tiết kiệm thời gian.
academic-abstract	feedback	noun	B1	phản hồi	The teacher gives helpful feedback.	Giáo viên đưa ra phản hồi hữu ích.
academic-abstract	judgment	noun	B1	sự phán đoán	Her judgment in this case is fair.	Phán đoán của cô ấy trong việc này thì công bằng.
academic-abstract	outcome	noun	B1	kết quả	The outcome of the vote is close.	Kết quả cuộc bỏ phiếu thì sít sao.
academic-abstract	procedure	noun	B1	quy trình	Follow the procedure step by step.	Hãy làm theo quy trình từng bước.
academic-abstract	proposal	noun	B1	đề xuất	The proposal needs more detail.	Đề xuất này cần thêm chi tiết.
academic-abstract	reality	noun	B1	thực tế	The plan does not match reality.	Kế hoạch không khớp với thực tế.
academic-abstract	conflict	noun	B1	xung đột	The conflict between the two plans is clear.	Xung đột giữa hai kế hoạch thì rõ.
academic-abstract	crisis	noun	B1	khủng hoảng	The town faces a water crisis.	Thị trấn đối mặt với khủng hoảng nước.
academic-abstract	role	noun	B1	vai trò	The teacher has an important role.	Giáo viên có một vai trò quan trọng.
academic-abstract	assumption	noun	B2	giả định	The assumption is not always true.	Giả định đó không phải lúc nào cũng đúng.
academic-abstract	criterion	noun	B2	tiêu chí	Cost is the main criterion.	Chi phí là tiêu chí chính.
academic-abstract	hypothesis	noun	B2	giả thuyết	The hypothesis needs a test.	Giả thuyết này cần được kiểm tra.
academic-abstract	implication	noun	B2	hàm ý	The implication of the result is serious.	Hàm ý của kết quả thì nghiêm trọng.
academic-abstract	perspective	noun	B2	góc nhìn	Try to see it from her perspective.	Hãy thử nhìn việc đó từ góc nhìn của cô ấy.
academic-abstract	significance	noun	B2	ý nghĩa quan trọng	The significance of the finding is clear.	Ý nghĩa của kết quả phát hiện thì rõ.
academic-abstract	tendency	noun	B2	xu hướng	There is a tendency to delay hard tasks.	Có xu hướng trì hoãn việc khó.
academic-abstract	framework	noun	B2	khung phân tích	The framework organizes the ideas.	Khung phân tích sắp xếp các ý tưởng.
academic-abstract	interpretation	noun	B2	cách diễn giải	Her interpretation of the poem is fresh.	Cách cô ấy diễn giải bài thơ thì mới.
academic-abstract	circumstance	noun	B2	hoàn cảnh	The circumstance makes the choice hard.	Hoàn cảnh khiến lựa chọn trở nên khó.
academic-abstract	notion	noun	B2	quan niệm	The notion of fairness is old.	Quan niệm về sự công bằng đã có từ lâu.
academic-abstract	phenomenon	noun	B2	hiện tượng	Lightning is a natural phenomenon.	Sét là một hiện tượng tự nhiên.
academic-abstract	probability	noun	B2	xác suất	The probability of rain is high.	Xác suất có mưa thì cao.
academic-abstract	proportion	noun	B2	tỷ lệ	A large proportion of the class agrees.	Một tỷ lệ lớn của lớp đồng ý.
academic-abstract	scope	noun	B2	phạm vi	The scope of the study is small.	Phạm vi của nghiên cứu thì nhỏ.
academic-abstract	sequence	noun	B2	trình tự	Follow the sequence of steps.	Hãy làm theo trình tự các bước.
academic-abstract	variable	noun	B2	biến số	Price is a key variable.	Giá là một biến số then chốt.
academic-abstract	validity	noun	B2	tính đúng đắn	The validity of the test is high.	Tính đúng đắn của bài kiểm tra thì cao.
academic-abstract	variation	noun	B2	sự biến thiên	There is variation in the results.	Kết quả có sự biến thiên.
academic-abstract	transition	noun	B2	sự chuyển tiếp	The transition to the new system is slow.	Sự chuyển sang hệ thống mới thì chậm.
academic-abstract	uncertainty	noun	B2	sự không chắc chắn	Uncertainty makes planning hard.	Sự không chắc chắn khiến việc lên kế hoạch khó hơn.
academic-abstract	consensus	noun	B2	sự đồng thuận	The group reaches a consensus.	Nhóm đạt được sự đồng thuận.
academic-abstract	dimension	noun	B2	chiều; khía cạnh	Cost is one dimension of the choice.	Chi phí là một khía cạnh của lựa chọn.
academic-abstract	distinction	noun	B2	sự phân biệt	The distinction between the two terms is small.	Sự phân biệt giữa hai thuật ngữ thì nhỏ.
academic-abstract	diversity	noun	B2	sự đa dạng	The diversity of opinions helps the discussion.	Sự đa dạng ý kiến giúp cuộc thảo luận.
academic-abstract	ethics	noun	B2	đạo đức học	The class discusses ethics in science.	Lớp thảo luận đạo đức trong khoa học.
academic-abstract	expertise	noun	B2	chuyên môn	The job needs expertise in data.	Công việc này cần chuyên môn về dữ liệu.
academic-abstract	extent	noun	B2	mức độ	The extent of the damage is small.	Mức độ thiệt hại thì nhỏ.
academic-abstract	inference	noun	B2	suy luận	The inference comes from the data.	Suy luận này rút ra từ dữ liệu.
academic-abstract	insight	noun	B2	hiểu biết sâu	The book gives insight into the past.	Cuốn sách mang lại hiểu biết sâu về quá khứ.
academic-abstract	integrity	noun	B2	sự chính trực	Integrity matters in public life.	Sự chính trực quan trọng trong đời sống công cộng.
academic-abstract	norm	noun	B2	chuẩn mực	The norm in this class is to arrive on time.	Chuẩn mực của lớp này là đến đúng giờ.
academic-abstract	obligation	noun	B2	nghĩa vụ	Parents have an obligation to care for children.	Cha mẹ có nghĩa vụ chăm sóc con.
academic-abstract	perception	noun	B2	nhận thức	Public perception of the plan is mixed.	Nhận thức của công chúng về kế hoạch thì không đồng nhất.
academic-abstract	premise	noun	B2	tiền đề	The premise of the argument is weak.	Tiền đề của lập luận thì yếu.
academic-abstract	prospect	noun	B2	triển vọng	The prospect of a new job excites her.	Triển vọng về một công việc mới làm cô ấy hào hứng.
academic-abstract	relevance	noun	B2	sự liên quan	The relevance of the example is clear.	Sự liên quan của ví dụ thì rõ.
academic-abstract	restriction	noun	B2	sự hạn chế	There is a restriction on parking.	Có sự hạn chế về việc đỗ xe.
academic-abstract	scenario	noun	B2	kịch bản	The worst scenario is a long delay.	Kịch bản xấu nhất là bị chậm lâu.
academic-abstract	stability	noun	B2	sự ổn định	The stability of the price helps families.	Sự ổn định của giá giúp các gia đình.
academic-abstract	stereotype	noun	B2	định kiến	The article challenges a stereotype.	Bài báo chất vấn một định kiến.
academic-abstract	bias	noun	B2	thiên kiến	The survey tries to avoid bias.	Cuộc khảo sát cố gắng tránh thiên kiến.
academic-abstract	dilemma	noun	B2	tình thế khó xử	She faces a dilemma about the job.	Cô ấy đứng trước tình thế khó xử về công việc.
academic-abstract	hierarchy	noun	B2	thứ bậc	The company has a clear hierarchy.	Công ty có thứ bậc rõ ràng.
academic-abstract	innovation	noun	B2	sự đổi mới	The innovation saves energy.	Sự đổi mới này tiết kiệm năng lượng.
academic-abstract	initiative	noun	B2	sáng kiến	The initiative helps local schools.	Sáng kiến này giúp các trường địa phương.
academic-abstract	incentive	noun	B2	động lực khuyến khích	A bonus is an incentive to work carefully.	Tiền thưởng là động lực để làm việc cẩn thận.
academic-abstract	likelihood	noun	B2	khả năng xảy ra	The likelihood of delay is high.	Khả năng bị chậm thì cao.
academic-abstract	abstract	adjective	B2	trừu tượng	The idea is too abstract for the chart.	Ý này quá trừu tượng đối với biểu đồ.
academic-abstract	ambiguous	adjective	B2	mơ hồ	The instruction is ambiguous.	Hướng dẫn thì mơ hồ.
academic-abstract	analytical	adjective	B2	mang tính phân tích	She has an analytical mind.	Cô ấy có tư duy phân tích.
academic-abstract	apparent	adjective	B2	rõ ràng	The cause is apparent.	Nguyên nhân thì rõ.
academic-abstract	brief	adjective	B1	ngắn gọn	Please give a brief answer.	Xin hãy trả lời ngắn gọn.
academic-abstract	comprehensive	adjective	B2	toàn diện	The report is comprehensive.	Bản báo cáo thì toàn diện.
academic-abstract	concrete	adjective	B1	cụ thể	Give a concrete example.	Hãy đưa một ví dụ cụ thể.
academic-abstract	consistent	adjective	B2	nhất quán	Her results are consistent.	Kết quả của cô ấy thì nhất quán.
academic-abstract	constant	adjective	B1	liên tục	The noise is constant.	Tiếng ồn thì liên tục.
academic-abstract	crucial	adjective	B2	then chốt	Rest is crucial for health.	Nghỉ ngơi rất then chốt đối với sức khỏe.
academic-abstract	deliberate	adjective	B2	cố ý	The mistake was not deliberate.	Lỗi đó không phải cố ý.
academic-abstract	dependent	adjective	B1	phụ thuộc	The result is dependent on the data.	Kết quả phụ thuộc vào dữ liệu.
academic-abstract	distinct	adjective	B1	riêng biệt	The two styles are distinct.	Hai phong cách thì riêng biệt.
academic-abstract	diverse	adjective	B2	đa dạng	The class is diverse.	Lớp học thì đa dạng.
academic-abstract	dramatic	adjective	B1	đột ngột; lớn	There is a dramatic change in price.	Có một thay đổi lớn về giá.
academic-abstract	empirical	adjective	B2	thực nghiệm	The claim needs empirical evidence.	Khẳng định này cần bằng chứng thực nghiệm.
academic-abstract	ethical	adjective	B2	đúng đạo đức	The choice is ethical.	Lựa chọn này là đúng đạo đức.
academic-abstract	evident	adjective	B2	hiển nhiên	The improvement is evident.	Sự cải thiện thì hiển nhiên.
academic-abstract	excessive	adjective	B2	quá mức	The fee is excessive.	Khoản phí thì quá mức.
academic-abstract	experimental	adjective	B2	thực nghiệm	The method is still experimental.	Phương pháp này vẫn đang ở giai đoạn thử nghiệm.
academic-abstract	explicit	adjective	B2	rõ ràng; tường minh	The rule is explicit.	Quy tắc được nêu rõ.
academic-abstract	external	adjective	B1	bên ngoài	External noise makes study hard.	Tiếng ồn bên ngoài làm việc học khó hơn.
academic-abstract	fundamental	adjective	B2	cơ bản	Trust is fundamental to a team.	Sự tin cậy là điều cơ bản của một đội.
academic-abstract	gradual	adjective	B1	từ từ	The change is gradual.	Sự thay đổi thì từ từ.
academic-abstract	historical	adjective	B1	mang tính lịch sử	The building has historical value.	Tòa nhà có giá trị lịch sử.
academic-abstract	identical	adjective	B1	giống hệt	The two answers are identical.	Hai câu trả lời giống hệt nhau.
academic-abstract	implicit	adjective	B2	ngầm	The warning is implicit in the story.	Lời cảnh báo nằm ngầm trong câu chuyện.
academic-abstract	informal	adjective	A2	thân mật	The meeting is informal.	Cuộc họp thì thân mật.
academic-abstract	intellectual	adjective	B2	thuộc về trí tuệ	The discussion is intellectual.	Cuộc thảo luận mang tính trí tuệ.
academic-abstract	internal	adjective	B1	bên trong	The internal report stays in the office.	Bản báo cáo nội bộ ở lại trong văn phòng.
academic-abstract	literal	adjective	B2	theo nghĩa đen	The literal meaning is different.	Nghĩa đen thì khác.
academic-abstract	main	adjective	A2	chính	The main idea is in the first sentence.	Ý chính nằm ở câu đầu.
academic-abstract	multiple	adjective	B1	nhiều	There are multiple reasons.	Có nhiều lý do.
academic-abstract	mutual	adjective	B1	lẫn nhau	They have mutual respect.	Họ tôn trọng lẫn nhau.
academic-abstract	optional	adjective	B1	tùy chọn	The second test is optional.	Bài kiểm tra thứ hai là tùy chọn.
academic-abstract	overall	adjective	B1	tổng thể	The overall result is good.	Kết quả tổng thể thì tốt.
academic-abstract	partial	adjective	B1	một phần	The report gives a partial answer.	Bản báo cáo đưa ra một câu trả lời chưa đầy đủ.
academic-abstract	particular	adjective	B1	cụ thể	This particular case is different.	Trường hợp cụ thể này thì khác.
academic-abstract	precise	adjective	B2	chính xác	Please be precise.	Xin hãy nói chính xác.
academic-abstract	primary	adjective	B1	chính; chủ yếu	The primary goal is safety.	Mục tiêu chính là an toàn.
academic-abstract	principal	adjective	B1	chủ yếu	The principal reason is cost.	Lý do chủ yếu là chi phí.
academic-abstract	probable	adjective	B1	có khả năng xảy ra	Rain is probable tonight.	Tối nay có khả năng mưa.
academic-abstract	psychological	adjective	B2	thuộc tâm lý	The effect is psychological.	Tác động này thuộc về tâm lý.
academic-abstract	scientific	adjective	B1	khoa học	The scientific method needs evidence.	Phương pháp khoa học cần bằng chứng.
academic-abstract	secondary	adjective	B1	thứ yếu	Cost is a secondary issue.	Chi phí là vấn đề thứ yếu.
academic-abstract	statistical	adjective	B2	thuộc thống kê	The statistical result is clear.	Kết quả thống kê thì rõ.
academic-abstract	subsequent	adjective	B2	tiếp theo	Subsequent tests confirm the result.	Các bài kiểm tra tiếp theo xác nhận kết quả.
academic-abstract	subjective	adjective	B2	chủ quan	The comment is subjective.	Nhận xét này thì chủ quan.
academic-abstract	theoretical	adjective	B2	mang tính lý thuyết	The model is still theoretical.	Mô hình này vẫn mang tính lý thuyết.
academic-abstract	ultimate	adjective	B2	cuối cùng	The ultimate goal is understanding.	Mục tiêu cuối cùng là sự hiểu biết.
academic-abstract	universal	adjective	B2	phổ quát	The need for water is universal.	Nhu cầu về nước là phổ quát.
academic-abstract	unlikely	adjective	B1	khó có khả năng	Snow is unlikely in June.	Tháng sáu khó có tuyết.
academic-abstract	verbal	adjective	B1	bằng lời	The agreement is verbal.	Thỏa thuận này là bằng lời.
academic-abstract	absolute	adjective	B2	tuyệt đối	There is no absolute proof.	Không có bằng chứng tuyệt đối.
academic-abstract	relative	adjective	B1	tương đối	The risk is relative.	Rủi ro này là tương đối.
academic-abstract	cognitive	adjective	B2	thuộc nhận thức	The test measures cognitive skill.	Bài kiểm tra đo kỹ năng nhận thức.
academic-abstract	collective	adjective	B2	tập thể	The decision is collective.	Quyết định này là của tập thể.
academic-abstract	controversial	adjective	B2	gây tranh cãi	The topic is controversial.	Chủ đề này gây tranh cãi.
academic-abstract	conventional	adjective	B2	thông thường	The conventional method is slower.	Phương pháp thông thường thì chậm hơn.
academic-abstract	definite	adjective	B1	chắc chắn	There is no definite answer yet.	Chưa có câu trả lời chắc chắn.
academic-abstract	educational	adjective	A2	mang tính giáo dục	The show is educational.	Chương trình này mang tính giáo dục.
academic-abstract	environmental	adjective	B1	thuộc môi trường	The law has an environmental goal.	Luật này có mục tiêu về môi trường.
academic-abstract	equivalent	adjective	B2	tương đương	The two degrees are equivalent.	Hai bằng cấp này tương đương nhau.
academic-abstract	extensive	adjective	B2	rộng	The research is extensive.	Nghiên cứu này có phạm vi rộng.
academic-abstract	meaningful	adjective	B1	có ý nghĩa	The talk is meaningful.	Bài nói thì có ý nghĩa.
academic-abstract	minimal	adjective	B2	tối thiểu	The risk is minimal.	Rủi ro thì tối thiểu.
academic-abstract	philosophical	adjective	B2	mang tính triết học	The question is philosophical.	Câu hỏi này mang tính triết học.
academic-abstract	regional	adjective	B1	khu vực	The regional news starts at six.	Bản tin khu vực bắt đầu lúc sáu giờ.
academic-abstract	representative	adjective	B1	tiêu biểu	The sample is representative.	Mẫu này thì tiêu biểu.
academic-abstract	selective	adjective	B2	có chọn lọc	The process is selective.	Quy trình này có chọn lọc.
academic-abstract	simultaneous	adjective	B2	đồng thời	The two events are simultaneous.	Hai sự kiện diễn ra đồng thời.
academic-abstract	sole	adjective	B1	duy nhất	Cost is not the sole factor.	Chi phí không phải yếu tố duy nhất.
academic-abstract	subtle	adjective	B2	tinh tế	The difference is subtle.	Sự khác biệt thì tinh tế.
academic-abstract	technical	adjective	B1	kỹ thuật	The manual is very technical.	Sách hướng dẫn rất thiên về kỹ thuật.
academic-abstract	unexpected	adjective	B1	bất ngờ	The result is unexpected.	Kết quả thì bất ngờ.
academic-abstract	visual	adjective	B1	trực quan	The visual example helps.	Ví dụ trực quan thì có ích.
academic-abstract	voluntary	adjective	B1	tự nguyện	The work is voluntary.	Công việc này là tự nguyện.
academic-abstract	economic	adjective	B1	thuộc kinh tế	The economic effect is large.	Tác động kinh tế thì lớn.
academic-abstract	comparative	adjective	B2	mang tính so sánh	This is a comparative study.	Đây là một nghiên cứu so sánh.
academic-abstract	contextual	adjective	B2	theo ngữ cảnh	The meaning is contextual.	Ý nghĩa phụ thuộc vào ngữ cảnh.
academic-abstract	descriptive	adjective	B1	mang tính mô tả	The paragraph is descriptive.	Đoạn văn mang tính mô tả.
academic-abstract	inherent	adjective	B2	vốn có	There is an inherent risk.	Có một rủi ro vốn có.
academic-abstract	innovative	adjective	B2	đổi mới	The method is innovative.	Phương pháp này có tính đổi mới.
academic-abstract	integral	adjective	B2	không thể thiếu	Trust is integral to the team.	Sự tin cậy không thể thiếu với đội.
academic-abstract	intensive	adjective	B2	tập trung cao độ	The course is intensive.	Khóa học này rất chuyên sâu.
academic-abstract	intermediate	adjective	B1	trung cấp	This book is for intermediate learners.	Sách này dành cho người học trình độ trung cấp.
academic-abstract	numerical	adjective	B2	bằng số	The answer is numerical.	Câu trả lời là một con số.
academic-abstract	preliminary	adjective	B2	sơ bộ	The preliminary result is positive.	Kết quả sơ bộ thì tích cực.
academic-abstract	qualitative	adjective	B2	định tính	The study is qualitative.	Nghiên cứu này là định tính.
academic-abstract	quantitative	adjective	B2	định lượng	The analysis is quantitative.	Phân tích này là định lượng.
academic-abstract	rigorous	adjective	B2	chặt chẽ	The test is rigorous.	Bài kiểm tra thì chặt chẽ.
academic-abstract	systematic	adjective	B2	có hệ thống	Her notes are systematic.	Ghi chú của cô ấy có hệ thống.
academic-abstract	symbolic	adjective	B2	mang tính biểu tượng	The color is symbolic.	Màu này mang tính biểu tượng.
academic-abstract	thematic	adjective	B2	theo chủ đề	The lesson is thematic.	Bài học được tổ chức theo chủ đề.
academic-abstract	finite	adjective	B2	có hạn	Time is finite.	Thời gian thì có hạn.
academic-abstract	hypothetical	adjective	B2	giả định	The example is hypothetical.	Ví dụ này là giả định.
academic-abstract	maximum	adjective	B1	tối đa	The maximum score is one hundred.	Điểm tối đa là một trăm.
academic-abstract	minimum	adjective	B1	tối thiểu	The minimum age is eighteen.	Tuổi tối thiểu là mười tám.
academic-abstract	oral	adjective	B1	bằng miệng	The exam is oral.	Bài thi là thi vấn đáp.
academic-abstract	inner	adjective	B1	bên trong	She hides her inner thoughts.	Cô ấy giấu những suy nghĩ bên trong.
academic-abstract	outer	adjective	B1	bên ngoài	The outer layer protects the fruit.	Lớp bên ngoài bảo vệ quả.
academic-abstract	ongoing	adjective	B1	đang diễn ra	The study is ongoing.	Nghiên cứu này đang được tiến hành.
tech-media-business	computer	noun	A1	máy tính	The computer is on the desk.	Máy tính nằm trên bàn.
tech-media-business	phone	noun	A1	điện thoại	My phone is in my bag.	Điện thoại của tôi ở trong túi.
tech-media-business	screen	noun	A1	màn hình	The screen is bright.	Màn hình thì sáng.
tech-media-business	keyboard	noun	A1	bàn phím	The keyboard is clean.	Bàn phím thì sạch.
tech-media-business	internet	noun	A1	mạng internet	The internet is slow today.	Hôm nay mạng internet chậm.
tech-media-business	email	noun	A1	thư điện tử	I read the email this morning.	Sáng nay tôi đọc thư điện tử.
tech-media-business	message	noun	A1	tin nhắn	I send a message to my friend.	Tôi gửi tin nhắn cho bạn.
tech-media-business	news	noun	A1	tin tức	The news starts at six.	Bản tin bắt đầu lúc sáu giờ.
tech-media-business	price	noun	A1	giá	The price of the ticket is ten dollars.	Giá vé là mười đô la.
tech-media-business	website	noun	A2	trang web	The website shows the schedule.	Trang web hiển thị lịch.
tech-media-business	password	noun	A2	mật khẩu	Choose a strong password.	Hãy chọn một mật khẩu mạnh.
tech-media-business	article	noun	A2	bài báo	The article explains the new law.	Bài báo giải thích luật mới.
tech-media-business	company	noun	A2	công ty	The company makes shoes.	Công ty sản xuất giày.
tech-media-business	customer	noun	A2	khách hàng	The customer asks about the price.	Khách hàng hỏi về giá.
tech-media-business	manager	noun	A2	người quản lý	The manager leads the meeting.	Người quản lý chủ trì cuộc họp.
tech-media-business	meeting	noun	A2	cuộc họp	The meeting is at nine.	Cuộc họp lúc chín giờ.
tech-media-business	product	noun	A2	sản phẩm	The new product is a small camera.	Sản phẩm mới là một máy ảnh nhỏ.
tech-media-business	service	noun	A2	dịch vụ	The service at the hotel is good.	Dịch vụ ở khách sạn thì tốt.
tech-media-business	market	noun	B1	thị trường	The company enters a new market.	Công ty bước vào một thị trường mới.
tech-media-business	profit	noun	B1	lợi nhuận	The shop makes a small profit.	Cửa hàng có một khoản lợi nhuận nhỏ.
tech-media-business	contract	noun	B1	hợp đồng	They sign the contract on Monday.	Họ ký hợp đồng vào thứ hai.
tech-media-business	budget	noun	B1	ngân sách	The budget for the trip is tight.	Ngân sách cho chuyến đi thì eo hẹp.
tech-media-business	advertise	verb	B1	quảng cáo	Companies advertise on television.	Các công ty quảng cáo trên truyền hình.
tech-media-business	email	verb	A2	gửi thư điện tử	Email the report to your manager.	Hãy gửi báo cáo bằng thư điện tử cho người quản lý.
tech-media-business	video	noun	A1	video	The video is two minutes long.	Video dài hai phút.
tech-media-business	radio	noun	A1	đài radio	I listen to the radio in the car.	Tôi nghe đài radio trên xe.
tech-media-business	television	noun	A1	truyền hình	We watch television after dinner.	Chúng tôi xem truyền hình sau bữa tối.
tech-media-business	app	noun	A2	ứng dụng	The app tracks your steps.	Ứng dụng theo dõi số bước của bạn.
tech-media-business	software	noun	A2	phần mềm	The software is easy to use.	Phần mềm thì dễ dùng.
tech-media-business	battery	noun	A2	pin	The battery is low.	Pin thì yếu.
tech-media-business	charger	noun	A2	bộ sạc	I forgot the charger at home.	Tôi quên bộ sạc ở nhà.
tech-media-business	cable	noun	A2	dây cáp	The cable connects the printer.	Dây cáp nối với máy in.
tech-media-business	speaker	noun	A2	loa	The speaker is too loud.	Loa thì quá to.
tech-media-business	headphones	noun	A2	tai nghe	He wears headphones on the bus.	Anh ấy đeo tai nghe trên xe buýt.
tech-media-business	microphone	noun	A2	micro	The microphone is off.	Micro đang tắt.
tech-media-business	device	noun	A2	thiết bị	This device measures your heart rate.	Thiết bị này đo nhịp tim.
tech-media-business	username	noun	A2	tên đăng nhập	Choose a username you can remember.	Hãy chọn một tên đăng nhập bạn nhớ được.
tech-media-business	wifi	noun	A2	mạng không dây	The wifi is free in the cafe.	Quán cà phê có mạng không dây miễn phí.
tech-media-business	icon	noun	A2	biểu tượng	Tap the blue icon.	Hãy chạm vào biểu tượng màu xanh.
tech-media-business	menu	noun	A2	trình đơn	Open the menu at the top.	Hãy mở trình đơn ở phía trên.
tech-media-business	button	noun	A2	nút	Press the green button.	Hãy nhấn nút màu xanh.
tech-media-business	channel	noun	A2	kênh	This channel shows the news.	Kênh này phát tin tức.
tech-media-business	magazine	noun	A1	tạp chí	The magazine is on the table.	Tạp chí nằm trên bàn.
tech-media-business	cartoon	noun	A2	phim hoạt hình	The children watch a cartoon.	Bọn trẻ xem một phim hoạt hình.
tech-media-business	payment	noun	A2	khoản thanh toán	The payment is due on Friday.	Khoản thanh toán đến hạn vào thứ sáu.
tech-media-business	logo	noun	A2	biểu trưng	The logo is blue and white.	Biểu trưng màu xanh và trắng.
tech-media-business	delivery	noun	A2	việc giao hàng	Delivery takes two days.	Việc giao hàng mất hai ngày.
tech-media-business	browser	noun	B1	trình duyệt	Open the page in a browser.	Hãy mở trang trong trình duyệt.
tech-media-business	hardware	noun	B1	phần cứng	The hardware is new.	Phần cứng thì mới.
tech-media-business	server	noun	B1	máy chủ	The server stores the files.	Máy chủ lưu các tệp.
tech-media-business	database	noun	B1	cơ sở dữ liệu	The database holds customer names.	Cơ sở dữ liệu giữ tên khách hàng.
tech-media-business	blog	noun	B1	blog	She writes a blog about food.	Cô ấy viết blog về đồ ăn.
tech-media-business	podcast	noun	B1	podcast	I listen to a podcast on the way to work.	Tôi nghe podcast trên đường đi làm.
tech-media-business	network	noun	B1	mạng lưới	The network connects the offices.	Mạng lưới nối các văn phòng.
tech-media-business	link	noun	B1	liên kết	Click the link in the email.	Hãy nhấp vào liên kết trong email.
tech-media-business	search	noun	A2	lượt tìm kiếm	The search finds three articles.	Lượt tìm kiếm ra ba bài báo.
tech-media-business	robot	noun	B1	rô-bốt	The robot moves boxes in the factory.	Rô-bốt di chuyển các hộp trong nhà máy.
tech-media-business	notification	noun	B1	thông báo	I get a notification on my phone.	Tôi nhận một thông báo trên điện thoại.
tech-media-business	reporter	noun	B1	phóng viên	The reporter asks the mayor a question.	Phóng viên hỏi thị trưởng một câu.
tech-media-business	editor	noun	B1	biên tập viên	The editor checks the article.	Biên tập viên kiểm tra bài báo.
tech-media-business	audience	noun	B1	khán giả	The audience claps at the end.	Khán giả vỗ tay lúc kết thúc.
tech-media-business	media	noun	B1	truyền thông	The media covers the election.	Truyền thông đưa tin về cuộc bầu cử.
tech-media-business	blogger	noun	B1	người viết blog	The blogger posts every Friday.	Người viết blog đăng bài mỗi thứ sáu.
tech-media-business	viewer	noun	B1	người xem	The viewer leaves a comment.	Người xem để lại một bình luận.
tech-media-business	caption	noun	B1	chú thích	The caption explains the photo.	Chú thích giải thích bức ảnh.
tech-media-business	column	noun	B1	chuyên mục	She writes a column about books.	Cô ấy viết chuyên mục về sách.
tech-media-business	rating	noun	B1	mức đánh giá	The cafe has a high rating.	Quán cà phê có mức đánh giá cao.
tech-media-business	documentary	noun	B1	phim tài liệu	The documentary is about the ocean.	Phim tài liệu nói về đại dương.
tech-media-business	episode	noun	B1	tập	I watch one episode each night.	Mỗi tối tôi xem một tập.
tech-media-business	press	noun	B1	báo chí	The press waits outside.	Báo chí chờ ở bên ngoài.
tech-media-business	author	noun	B1	tác giả	The author signs the book.	Tác giả ký lên sách.
tech-media-business	comment	noun	B1	bình luận	Leave a comment under the article.	Hãy để lại bình luận dưới bài báo.
tech-media-business	client	noun	B1	khách hàng	The client approves the design.	Khách hàng duyệt thiết kế.
tech-media-business	competitor	noun	B1	đối thủ	The competitor lowers the price.	Đối thủ hạ giá.
tech-media-business	competition	noun	B1	sự cạnh tranh	Competition keeps prices fair.	Cạnh tranh giữ giá ở mức hợp lý.
tech-media-business	marketing	noun	B1	tiếp thị	Marketing brings new customers.	Tiếp thị mang đến khách hàng mới.
tech-media-business	trade	noun	B1	thương mại	Trade between the two towns is busy.	Thương mại giữa hai thị trấn thì nhộn nhịp.
tech-media-business	corporation	noun	B1	tập đoàn	The corporation has offices in three cities.	Tập đoàn có văn phòng ở ba thành phố.
tech-media-business	firm	noun	B1	hãng; công ty	The firm hires two designers.	Hãng thuê hai nhà thiết kế.
tech-media-business	industry	noun	B1	ngành	Tourism is an important industry.	Du lịch là một ngành quan trọng.
tech-media-business	warehouse	noun	B1	nhà kho	The boxes are in the warehouse.	Các hộp nằm trong nhà kho.
tech-media-business	negotiation	noun	B1	cuộc thương lượng	The negotiation lasts all morning.	Cuộc thương lượng kéo dài cả buổi sáng.
tech-media-business	deal	noun	B1	thỏa thuận	The two firms reach a deal.	Hai hãng đạt được một thỏa thuận.
tech-media-business	partner	noun	B1	đối tác	Her business partner lives in Da Nang.	Đối tác kinh doanh của cô ấy sống ở Đà Nẵng.
tech-media-business	partnership	noun	B1	quan hệ đối tác	The partnership lasts five years.	Quan hệ đối tác kéo dài năm năm.
tech-media-business	economy	noun	B1	nền kinh tế	The economy grows this year.	Nền kinh tế tăng trưởng trong năm nay.
tech-media-business	finance	noun	B1	tài chính	She studies finance at university.	Cô ấy học tài chính ở đại học.
tech-media-business	advertising	noun	B1	hoạt động quảng cáo	Advertising is expensive on television.	Quảng cáo trên truyền hình thì đắt.
tech-media-business	campaign	noun	B1	chiến dịch	The campaign starts in May.	Chiến dịch bắt đầu vào tháng năm.
tech-media-business	slogan	noun	B1	khẩu hiệu	The slogan is short and easy to remember.	Khẩu hiệu thì ngắn và dễ nhớ.
tech-media-business	supplier	noun	B1	nhà cung cấp	The supplier delivers rice every week.	Nhà cung cấp giao gạo mỗi tuần.
tech-media-business	manufacturer	noun	B1	nhà sản xuất	The manufacturer tests every bike.	Nhà sản xuất thử từng chiếc xe đạp.
tech-media-business	share	noun	B1	cổ phần	She owns a share of the company.	Cô ấy sở hữu một cổ phần của công ty.
tech-media-business	entrepreneur	noun	B2	doanh nhân	The entrepreneur opens a second shop.	Doanh nhân mở cửa hàng thứ hai.
tech-media-business	startup	noun	B2	công ty khởi nghiệp	The startup makes a language app.	Công ty khởi nghiệp làm một ứng dụng học ngôn ngữ.
tech-media-business	shareholder	noun	B2	cổ đông	The shareholder asks about profit.	Cổ đông hỏi về lợi nhuận.
tech-media-business	merger	noun	B2	vụ sáp nhập	The merger creates a larger firm.	Vụ sáp nhập tạo ra một hãng lớn hơn.
tech-media-business	ecommerce	noun	B2	thương mại điện tử	Ecommerce helps small shops reach buyers.	Thương mại điện tử giúp cửa hàng nhỏ tiếp cận người mua.
tech-media-business	subscriber	noun	B2	người đăng ký	Each subscriber gets a weekly email.	Mỗi người đăng ký nhận một email hằng tuần.
tech-media-business	download	verb	A2	tải xuống	Download the file before class.	Hãy tải tệp xuống trước giờ học.
tech-media-business	upload	verb	A2	tải lên	Upload the photo to the website.	Hãy tải ảnh lên trang web.
tech-media-business	click	verb	A2	nhấp	Click the blue button.	Hãy nhấp vào nút màu xanh.
tech-media-business	delete	verb	A2	xóa	Delete the old files.	Hãy xóa các tệp cũ.
tech-media-business	install	verb	B1	cài đặt	Install the app on your phone.	Hãy cài ứng dụng vào điện thoại.
tech-media-business	broadcast	verb	B1	phát sóng	They broadcast the news at six.	Họ phát sóng bản tin lúc sáu giờ.
tech-media-business	publish	verb	B1	xuất bản	The site publishes a new article every day.	Trang web đăng một bài mới mỗi ngày.
tech-media-business	edit	verb	B1	biên tập	She edits the article.	Cô ấy biên tập bài báo.
tech-media-business	invest	verb	B1	đầu tư	They invest in a small company.	Họ đầu tư vào một công ty nhỏ.
tech-media-business	employ	verb	B1	thuê	The firm employs fifty people.	Hãng thuê năm mươi người.
tech-media-business	program	verb	B1	lập trình	She programs a simple app.	Cô ấy lập trình một ứng dụng đơn giản.
tech-media-business	scan	verb	B1	quét	Scan the document before you send it.	Hãy quét tài liệu trước khi gửi.
tech-media-business	upgrade	verb	B1	nâng cấp	They upgrade the old computers.	Họ nâng cấp máy tính cũ.
tech-media-business	stream	verb	B1	phát trực tuyến	The channel streams the game.	Kênh này phát trận đấu trực tuyến.
tech-media-business	subscribe	verb	B1	đăng ký theo dõi	Subscribe to the weekly email.	Hãy đăng ký nhận email hằng tuần.
tech-media-business	update	verb	B1	cập nhật	Update the app tonight.	Hãy cập nhật ứng dụng tối nay.
tech-media-business	post	verb	B1	đăng	She posts a photo every Friday.	Cô ấy đăng một bức ảnh mỗi thứ sáu.
tech-media-business	comment	verb	B1	bình luận	Readers comment on the article.	Người đọc bình luận về bài báo.
tech-media-business	digital	adjective	A2	kỹ thuật số	She keeps a digital copy of the ticket.	Cô ấy giữ một bản vé kỹ thuật số.
tech-media-business	offline	adjective	B1	ngoại tuyến	The map works offline.	Bản đồ dùng được khi không có mạng.
tech-media-business	electronic	adjective	B1	điện tử	She prefers an electronic receipt.	Cô ấy thích biên lai điện tử.
tech-media-business	wireless	adjective	B1	không dây	The wireless speaker is in the kitchen.	Loa không dây ở trong bếp.
tech-media-business	portable	adjective	B1	mang theo được	The portable charger is in my bag.	Bộ sạc mang theo được nằm trong túi của tôi.
tech-media-business	mobile	adjective	A2	di động	Mobile payment is common.	Thanh toán di động thì phổ biến.
tech-media-business	automated	adjective	B2	tự động	The reply is automated.	Câu trả lời được gửi tự động.
tech-media-business	profitable	adjective	B1	có lãi	The shop is profitable this year.	Năm nay cửa hàng có lãi.
tech-media-business	viral	adjective	B2	lan truyền rộng	The video becomes viral.	Video lan truyền rộng.
tech-media-business	interactive	adjective	B1	tương tác	The lesson is interactive.	Bài học có tính tương tác.
tech-media-business	virtual	adjective	B1	ảo	The meeting is virtual.	Cuộc họp này là cuộc họp ảo.
tech-media-business	prepaid	adjective	B1	trả trước	She buys a prepaid card.	Cô ấy mua một thẻ trả trước.
tech-media-business	smartphone	noun	A2	điện thoại thông minh	She buys a new smartphone.	Cô ấy mua một chiếc điện thoại thông minh mới.
tech-media-business	inbox	noun	B1	hộp thư đến	The inbox has three new emails.	Hộp thư đến có ba email mới.
tech-media-business	spam	noun	B1	thư rác	Delete the spam.	Hãy xóa thư rác.
tech-media-business	attachment	noun	B1	tệp đính kèm	The attachment is a photo.	Tệp đính kèm là một bức ảnh.
tech-media-business	bluetooth	noun	B1	bluetooth	The speaker uses bluetooth.	Loa dùng bluetooth.
tech-media-business	backup	noun	B1	bản sao lưu	Make a backup of the file.	Hãy tạo một bản sao lưu của tệp.
tech-media-business	screenshot	noun	B1	ảnh chụp màn hình	Send me a screenshot of the error.	Hãy gửi tôi ảnh chụp màn hình lỗi.
tech-media-business	cursor	noun	B1	con trỏ	Move the cursor to the left.	Hãy chuyển con trỏ sang trái.
tech-media-business	router	noun	B1	bộ định tuyến	Restart the router.	Hãy khởi động lại bộ định tuyến.
tech-media-business	sensor	noun	B1	cảm biến	The sensor turns the light on.	Cảm biến bật đèn.
tech-media-business	chip	noun	B1	vi mạch	The chip is very small.	Vi mạch thì rất nhỏ.
tech-media-business	storage	noun	B1	dung lượng lưu trữ	The phone has little storage left.	Điện thoại còn ít dung lượng lưu trữ.
tech-media-business	algorithm	noun	B2	thuật toán	The algorithm sorts the results.	Thuật toán sắp xếp các kết quả.
tech-media-business	bandwidth	noun	B2	băng thông	The video needs more bandwidth.	Video cần thêm băng thông.
tech-media-business	copyright	noun	B2	bản quyền	The song is under copyright.	Bài hát được bảo hộ bản quyền.
tech-media-business	patent	noun	B2	bằng sáng chế	The company owns the patent.	Công ty sở hữu bằng sáng chế.
tech-media-business	trademark	noun	B2	nhãn hiệu	The name is a trademark.	Cái tên đó là một nhãn hiệu.
tech-media-business	franchise	noun	B2	nhượng quyền	They buy a cafe franchise.	Họ mua nhượng quyền một quán cà phê.
tech-media-business	bonus	noun	B1	tiền thưởng	The bonus arrives in December.	Tiền thưởng về vào tháng mười hai.
tech-media-business	commission	noun	B2	hoa hồng	The agent earns a commission.	Người môi giới nhận hoa hồng.
tech-media-business	quarter	noun	B1	quý	Sales rise in the third quarter.	Doanh số tăng trong quý thứ ba.
tech-media-business	margin	noun	B2	biên lợi nhuận	The margin on this product is small.	Biên lợi nhuận của sản phẩm này thì nhỏ.
tech-media-business	recession	noun	B2	suy thoái	The recession reduces hiring.	Suy thoái làm giảm việc tuyển người.
tech-media-business	monopoly	noun	B2	độc quyền	The firm has a monopoly on the route.	Hãng này nắm độc quyền tuyến đường.
tech-media-business	deficit	noun	B2	thâm hụt	The city reports a budget deficit.	Thành phố báo thâm hụt ngân sách.
tech-media-business	surplus	noun	B2	thặng dư	The shop has a surplus of rice.	Cửa hàng thừa gạo.
tech-media-business	headquarters	noun	B2	trụ sở	The headquarters is downtown.	Trụ sở ở trung tâm thành phố.
tech-media-business	catalog	noun	B1	danh mục	The catalog shows every product.	Danh mục liệt kê mọi sản phẩm.
tech-media-business	influencer	noun	B2	người có ảnh hưởng	The influencer promotes the brand.	Người có ảnh hưởng quảng bá thương hiệu.
tech-media-business	login	verb	A2	đăng nhập	Login before you pay.	Hãy đăng nhập trước khi thanh toán.
tech-media-business	logout	verb	A2	đăng xuất	Logout when you leave the computer.	Hãy đăng xuất khi rời máy tính.
tech-media-business	restart	verb	A2	khởi động lại	Restart the phone.	Hãy khởi động lại điện thoại.
